Package,Category,apps-category.properties
com.canva.editor,Art & Design,com.canva.editor=Art & Design
com.google.android.projection.gearhead,Auto & Vehicles,com.google.android.projection.gearhead=Auto & Vehicles
br.gov.ce.sefaz.meuipva,Auto & Vehicles,br.gov.ce.sefaz.meuipva=Auto & Vehicles
com.cancaonova.liturgia,Books & Reference,com.cancaonova.liturgia=Books & Reference
biblia.catolica.ave_maria,Books & Reference,biblia.catolica.ave_maria=Books & Reference
br.com.gold360.skeelo,Books & Reference,br.com.gold360.skeelo=Books & Reference
br.com.cliente.minhaunimed,Business,br.com.cliente.minhaunimed=Business
com.Slack,Business,com.Slack=Business
com.microsoft.teams,Business,com.microsoft.teams=Business
com.linkedin.android,Business,com.linkedin.android=Business
com.microsoft.windowsintune.companyportal,Business,com.microsoft.windowsintune.companyportal=Business
com.equatorialenergia,Business,com.equatorialenergia=Business
com.anydesk.anydeskandroid,Business,com.anydesk.anydeskandroid=Business
com.samsung.knox.securefolder,Business,com.samsung.knox.securefolder=Business
com.google.android.apps.meetings,Business,com.google.android.apps.meetings=Business
us.zoom.videomeetings,Business,us.zoom.videomeetings=Business
com.duosecurity.duomobile,Business,com.duosecurity.duomobile=Business
com.facebook.workchat,Business,com.facebook.workchat=Business
br.com.catho.app.vagas.empregos,Business,br.com.catho.app.vagas.empregos=Business
com.infojobs.phone,Business,com.infojobs.phone=Business
com.adobe.scan.android,Business,com.adobe.scan.android=Business
com.nvt.cs,Business,com.nvt.cs=Business
com.facebook.work,Business,com.facebook.work=Business
com.sukhavati.gotoplaying.bubble.BubbleShooter.mint,Casual,com.sukhavati.gotoplaying.bubble.BubbleShooter.mint=Casual
com.king.candycrushsaga,Casual,com.king.candycrushsaga=Casual
com.severinoapp.morador,Communication,com.severinoapp.morador=Communication
com.whatsapp,Communication,com.whatsapp=Communication
com.whatsapp.w4b,Communication,com.whatsapp.w4b=Communication
com.android.chrome,Communication,com.android.chrome=Communication
com.google.android.gm,Communication,com.google.android.gm=Communication
com.google.android.apps.messaging,Communication,com.google.android.apps.messaging=Communication
org.telegram.messenger,Communication,org.telegram.messenger=Communication
com.discord,Communication,com.discord=Communication
com.google.android.apps.tachyon,Communication,com.google.android.apps.tachyon=Communication
com.google.android.contacts,Communication,com.google.android.contacts=Communication
com.skype.raider,Communication,com.skype.raider=Communication
com.sec.android.app.sbrowser,Communication,com.sec.android.app.sbrowser=Communication
com.brave.browser,Communication,com.brave.browser=Communication
com.yahoo.mobile.client.android.mail,Communication,com.yahoo.mobile.client.android.mail=Communication
com.facebook.orca,Communication,com.facebook.orca=Communication
com.cuiet.blockCalls,Communication,com.cuiet.blockCalls=Communication
me.number.app.im,Communication,me.number.app.im=Communication
com.coffye.mstome,Communication,com.coffye.mstome=Communication
com.asus.contacts,Communication,com.asus.contacts=Communication
com.opera.gx,Communication,com.opera.gx=Communication
bradesco.fundacao,Education,bradesco.fundacao=Education
com.microblink.photomath,Education,com.microblink.photomath=Education
com.google.android.apps.classroom,Education,com.google.android.apps.classroom=Education
br.g12.dombarreto.familiaidb,Education,br.g12.dombarreto.familiaidb=Education
com.duolingo,Education,com.duolingo=Education
advanced.scientific.calculator.calc991.plus,Education,advanced.scientific.calculator.calc991.plus=Education
br.gov.capes.bolsista,Education,br.gov.capes.bolsista=Education
br.ufma.mobile.app,Education,br.ufma.mobile.app=Education
us.nobarriers.elsa,Education,us.nobarriers.elsa=Education
com.google.android.play.games,Entertainment,com.google.android.play.games=Entertainment
com.disney.disneyplus,Entertainment,com.disney.disneyplus=Entertainment
com.globo.globotv,Entertainment,com.globo.globotv=Entertainment
com.netflix.mediaclient,Entertainment,com.netflix.mediaclient=Entertainment
com.hbo.hbonow,Entertainment,com.hbo.hbonow=Entertainment
com.ingresso.cinemas,Entertainment,com.ingresso.cinemas=Entertainment
com.valvesoftware.android.steam.community,Entertainment,com.valvesoftware.android.steam.community=Entertainment
com.drutol.malclient,Entertainment,com.drutol.malclient=Entertainment
com.Funimation.FunimationNow,Entertainment,com.Funimation.FunimationNow=Entertainment
tv.twitch.android.app,Entertainment,tv.twitch.android.app=Entertainment
com.crunchyroll.crunchyroid,Entertainment,com.crunchyroll.crunchyroid=Entertainment
com.gamepass,Entertainment,com.gamepass=Entertainment
com.microsoft.xboxone.smartglass,Entertainment,com.microsoft.xboxone.smartglass=Entertainment
com.disney.starplus,Entertainment,com.disney.starplus=Entertainment
com.miui.videoplayer,Entertainment,com.miui.videoplayer=Entertainment
br.com.tonks.cinepolis,Entertainment,br.com.tonks.cinepolis=Entertainment
com.amazon.avod.thirdpartyclient,Entertainment,com.amazon.avod.thirdpartyclient=Entertainment
br.com.net.netapp,Entertainment,br.com.net.netapp=Entertainment
com.roku.remote,Entertainment,com.roku.remote=Entertainment
br.com.meuanimetv,Entertainment,br.com.meuanimetv=Entertainment
tv.aovivo.canaisdobrasil,Entertainment,tv.aovivo.canaisdobrasil=Entertainment
com.google.android.apps.youtube.kids,Entertainment,com.google.android.apps.youtube.kids=Entertainment
com.valedesconto.ferreira,Entertainment,com.valedesconto.ferreira=Entertainment
com.ingresse.ticketbooth,Events,com.ingresse.ticketbooth=Events
com.organizze.android,Finance,com.organizze.android=Finance
cicero.minhasfinancas,Finance,cicero.minhasfinancas=Finance
br.gov.bnb.crediamigo.cliente,Finance,br.gov.bnb.crediamigo.cliente=Finance
com.nu.production,Finance,com.nu.production=Finance
br.gov.serpro.sougov,Finance,br.gov.serpro.sougov=Finance
com.btg.pactual.banking,Finance,com.btg.pactual.banking=Finance
valemobi.com.br.trademap,Finance,valemobi.com.br.trademap=Finance
air.br.com.alelo.mobile.android,Finance,air.br.com.alelo.mobile.android=Finance
com.bradesco,Finance,com.bradesco=Finance
com.paypal.android.p2pmobile,Finance,com.paypal.android.p2pmobile=Finance
com.b2winc.amedigital,Finance,com.b2winc.amedigital=Finance
br.com.intermedium,Finance,br.com.intermedium=Finance
com.picpay,Finance,com.picpay=Finance
br.com.gabba.Caixa,Finance,br.com.gabba.Caixa=Finance
br.gov.caixa.tem,Finance,br.gov.caixa.tem=Finance
br.com.bb.android,Finance,br.com.bb.android=Finance
com.itau,Finance,com.itau=Finance
com.everestti.kinvo,Finance,com.everestti.kinvo=Finance
br.com.uol.ps.myaccount,Finance,br.com.uol.ps.myaccount=Finance
br.com.gerenciadorfinanceiro.controller,Finance,br.com.gerenciadorfinanceiro.controller=Finance
br.com.clear.app.android,Finance,br.com.clear.app.android=Finance
br.com.mercadobitcoin.android,Finance,br.com.mercadobitcoin.android=Finance
br.gov.caixa.habitacao,Finance,br.gov.caixa.habitacao=Finance
com.itaucard.activity,Finance,com.itaucard.activity=Finance
br.com.stone.ton,Finance,br.com.stone.ton=Finance
com.btg.pactual.digital.mobile,Finance,com.btg.pactual.digital.mobile=Finance
br.com.easynvest.rendafixa,Finance,br.com.easynvest.rendafixa=Finance
br.com.santander.way,Finance,br.com.santander.way=Finance
br.gov.rs.procergs.mpbr,Finance,br.gov.rs.procergs.mpbr=Finance
com.santander.app,Finance,com.santander.app=Finance
com.mercadopago.wallet,Finance,com.mercadopago.wallet=Finance
br.gov.caixa.fgts.trabalhador,Finance,br.gov.caixa.fgts.trabalhador=Finance
br.com.bradesco.next,Finance,br.com.bradesco.next=Finance
br.com.sorocred.sorocredapp,Finance,br.com.sorocred.sorocredapp=Finance
com.ftxmobile.ftx,Finance,com.ftxmobile.ftx=Finance
com.passfolio.app,Finance,com.passfolio.app=Finance
com.fusionmedia.investing,Finance,com.fusionmedia.investing=Finance
com.appmei,Finance,com.appmei=Finance
br.com.xp.carteira,Finance,br.com.xp.carteira=Finance
com.google.android.apps.walletnfcrel,Finance,com.google.android.apps.walletnfcrel=Finance
com.mastercard.hanzo.surpreenda,Finance,com.mastercard.hanzo.surpreenda=Finance
br.com.serasaexperian.consumidor,Finance,br.com.serasaexperian.consumidor=Finance
com.binance.dev,Finance,com.binance.dev=Finance
com.recarga.recarga,Finance,com.recarga.recarga=Finance
br.com.midway.MidwayCartoes,Finance,br.com.midway.MidwayCartoes=Finance
com.devbbseg.bbsegurosdigital,Finance,com.devbbseg.bbsegurosdigital=Finance
br.com.brainweb.ifood,Food & Drink,br.com.brainweb.ifood=Food & Drink
com.vanuatu.aiqfome,Food & Drink,com.vanuatu.aiqfome=Food & Drink
com.yum.deliveryonline,Food & Drink,com.yum.deliveryonline=Food & Drink
br.com.appsexclusivos.bouder,Food & Drink,br.com.appsexclusivos.bouder=Food & Drink
burgerking.com.br.appandroid,Food & Drink,burgerking.com.br.appandroid=Food & Drink
com.grability.rappi,Food & Drink,com.grability.rappi=Food & Drink
com.ubercab.eats,Food & Drink,com.ubercab.eats=Food & Drink
br.com.jamesdelivery.android.james,Food & Drink,br.com.jamesdelivery.android.james=Food & Drink
com.primeiramesa2,Food & Drink,com.primeiramesa2=Food & Drink
vivino.web.app,Food & Drink,vivino.web.app=Food & Drink
com.hitapps.mergestrike,Games,com.hitapps.mergestrike=Games
com.innersloth.spacemafia,Games,com.innersloth.spacemafia=Games
com.nintendo.zara,Games,com.nintendo.zara=Games
com.DL.war.planes.inc.torpedo.bomber.fighter.aircraft.ww2,Games,com.DL.war.planes.inc.torpedo.bomber.fighter.aircraft.ww2=Games
com.nianticlabs.pokemongo,Games,com.nianticlabs.pokemongo=Games
com.FDGEntertainment.redball4.gp,Games,com.FDGEntertainment.redball4.gp=Games
com.fastemulator.gbafree,Games,com.fastemulator.gbafree=Games
com.vincentb.MobControl,Games,com.vincentb.MobControl=Games
com.infinitygames.loopenergy,Games,com.infinitygames.loopenergy=Games
water.sort.puzzle.game.color.sorting,Games,water.sort.puzzle.game.color.sorting=Games
com.Hirameku.IQDungeon,Games,com.Hirameku.IQDungeon=Games
com.easybrain.sudoku.android,Games,com.easybrain.sudoku.android=Games
com.hidea.cat,Games,com.hidea.cat=Games
air.com.oranginalplan.weaphonesfree,Games,air.com.oranginalplan.weaphonesfree=Games
skydragon.ylempire,Games,skydragon.ylempire=Games
com.fhg.splashwars,Games,com.fhg.splashwars=Games
com.wakeup.wearfit2,Health & Fitness,com.wakeup.wearfit2=Health & Fitness
com.google.android.apps.fitness,Health & Fitness,com.google.android.apps.fitness=Health & Fitness
com.xiaomi.hm.health,Health & Fitness,com.xiaomi.hm.health=Health & Fitness
com.startapps.crossx,Health & Fitness,com.startapps.crossx=Health & Fitness
br.com.pipeline.nutripad,Health & Fitness,br.com.pipeline.nutripad=Health & Fitness
nl.appyhapps.healthsync,Health & Fitness,nl.appyhapps.healthsync=Health & Fitness
com.sec.android.app.shealth,Health & Fitness,com.sec.android.app.shealth=Health & Fitness
br.com.drogasil,Health & Fitness,br.com.drogasil=Health & Fitness
br.com.dietaetreino,Health & Fitness,br.com.dietaetreino=Health & Fitness
com.strava,Health & Fitness,com.strava=Health & Fitness
com.wakeup.smartband,Health & Fitness,com.wakeup.smartband=Health & Fitness
com.samsung.android.service.health,Health & Fitness,com.samsung.android.service.health=Health & Fitness
com.garmin.android.apps.connectmobile,Health & Fitness,com.garmin.android.apps.connectmobile=Health & Fitness
com.avanutri.mobile,Health & Fitness,com.avanutri.mobile=Health & Fitness
com.huami.watch.hmwatchmanager,Health & Fitness,com.huami.watch.hmwatchmanager=Health & Fitness
br.com.zap.imoveis,House & Home,br.com.zap.imoveis=House & Home
com.xxmassdeveloper.mpchartexample,Libraries & Demo,com.xxmassdeveloper.mpchartexample=Libraries & Demo
br.com.intelbras.mibocam,Lifestyle,br.com.intelbras.mibocam=Lifestyle
com.tplink.iot,Lifestyle,com.tplink.iot=Lifestyle
com.pinterest,Lifestyle,com.pinterest=Lifestyle
com.sanhe.clipclaps,Lifestyle,com.sanhe.clipclaps=Lifestyle
com.google.android.apps.chromecast.app,Lifestyle,com.google.android.apps.chromecast.app=Lifestyle
br.com.webdiet.webdiet,Lifestyle,br.com.webdiet.webdiet=Lifestyle
br.com.mobits.mobitsplaza.app.teresinashopping,Lifestyle,br.com.mobits.mobitsplaza.app.teresinashopping=Lifestyle
com.positivo.casainteligente,Lifestyle,com.positivo.casainteligente=Lifestyle
com.samsung.android.spay,Lifestyle,com.samsung.android.spay=Lifestyle
com.tuya.smartlife,Lifestyle,com.tuya.smartlife=Lifestyle
com.tinder,Lifestyle,com.tinder=Lifestyle
com.amazon.dee.app,Lifestyle,com.amazon.dee.app=Lifestyle
com.samsung.android.oneconnect,Lifestyle,com.samsung.android.oneconnect=Lifestyle
br.com.mobits.mobitsplaza.app.shoppingriopoty,Lifestyle,br.com.mobits.mobitsplaza.app.shoppingriopoty=Lifestyle
com.raribeir.catolicoorante,Lifestyle,com.raribeir.catolicoorante=Lifestyle
br.com.cearagps.gps,Maps & Navigation,br.com.cearagps.gps=Maps & Navigation
com.waze,Maps & Navigation,com.waze=Maps & Navigation
com.ubercab,Maps & Navigation,com.ubercab=Maps & Navigation
com.taxis99,Maps & Navigation,com.taxis99=Maps & Navigation
br.gov.datasus.cnsdigital,Medical,br.gov.datasus.cnsdigital=Medical
com.ionicframework.unimedapp514807,Medical,com.ionicframework.unimedapp514807=Medical
com.infoway.octopus,Medical,com.infoway.octopus=Medical
br.com.medimagem.medimagemapp,Medical,br.com.medimagem.medimagemapp=Medical
com.spotify.music,Music & Audio,com.spotify.music=Music & Audio
br.com.rodrigokolb.classicdrum,Music & Audio,br.com.rodrigokolb.classicdrum=Music & Audio
com.google.android.apps.podcasts,Music & Audio,com.google.android.apps.podcasts=Music & Audio
com.miui.player,Music & Audio,com.miui.player=Music & Audio
com.studiosol.player.letras,Music & Audio,com.studiosol.player.letras=Music & Audio
com.google.android.apps.youtube.music,Music & Audio,com.google.android.apps.youtube.music=Music & Audio
com.sec.android.app.music,Music & Audio,com.sec.android.app.music=Music & Audio
jbl.stc.com,Music & Audio,jbl.stc.com=Music & Audio
com.musicplayer.player.mp3player.white,Music & Audio,com.musicplayer.player.mp3player.white=Music & Audio
com.studiosol.afinadorlite,Music & Audio,com.studiosol.afinadorlite=Music & Audio
deezer.android.app,Music & Audio,deezer.android.app=Music & Audio
musicplayer.musicapps.music.mp3player,Music & Audio,musicplayer.musicapps.music.mp3player=Music & Audio
com.devhd.feedly,News & Magazines,com.devhd.feedly=News & Magazines
com.google.android.apps.magazines,News & Magazines,com.google.android.apps.magazines=News & Magazines
com.meepo.storysave,Others,com.meepo.storysave=Others
com.samsung.app.newtrim,Others,com.samsung.app.newtrim=Others
com.samsung.android.app.reminder,Others,com.samsung.android.app.reminder=Others
com.mediatek.camera,Others,com.mediatek.camera=Others
com.sec.android.app.camera,Others,com.sec.android.app.camera=Others
br.ufc.great.qolmonitor,Others,br.ufc.great.qolmonitor=Others
com.google.android.apps.photos,Photography,com.google.android.apps.photos=Photography
com.samsung.android.incallui,Others,com.samsung.android.incallui=Others
com.samsung.android.app.contacts,Others,com.samsung.android.app.contacts=Others
com.samsung.android.game.gamehome,Others,com.samsung.android.game.gamehome=Others
com.android.vending,Others,com.android.vending=Others
banner.ledscroller.textmessage.google,Others,banner.ledscroller.textmessage.google=Others
com.google.android.packageinstaller,Others,com.google.android.packageinstaller=Others
com.sec.android.mimage.photoretouching,Others,com.sec.android.mimage.photoretouching=Others
com.android.settings,Others,com.android.settings=Others
com.sec.android.app.clockpackage,Others,com.sec.android.app.clockpackage=Others
com.google.android.permissioncontroller,Others,com.google.android.permissioncontroller=Others
com.sec.android.inputmethod,Others,com.sec.android.inputmethod=Others
com.motorola.launcher3,Others,com.motorola.launcher3=Others
com.ninegag.android.app,Entertainment,com.ninegag.android.app=Entertainment
com.motorola.msimsettings,Others,com.motorola.msimsettings=Others
com.android.systemui,Others,com.android.systemui=Others
com.wssyncmldm,Others,com.wssyncmldm=Others
com.samsung.android.app.smartcapture,Others,com.samsung.android.app.smartcapture=Others
com.samsung.android.dialer,Others,com.samsung.android.dialer=Others
com.miui.home,Others,com.miui.home=Others
com.miui.securitycenter,Others,com.miui.securitycenter=Others
com.btgpactual.softtoken,Others,com.btgpactual.softtoken=Others
com.android.deskclock,Others,com.android.deskclock=Others
com.miui.global.packageinstaller,Others,com.miui.global.packageinstaller=Others
com.miui.gallery,Others,com.miui.gallery=Others
com.google.android.providers.media.module,Others,com.google.android.providers.media.module=Others
com.android.stk,Others,com.android.stk=Others
com.android.camera,Others,com.android.camera=Others
com.miui.cleanmaster,Others,com.miui.cleanmaster=Others
com.android.settings.intelligence,Others,com.android.settings.intelligence=Others
com.xiaomi.account,Others,com.xiaomi.account=Others
com.google.android.documentsui,Others,com.google.android.documentsui=Others
com.xiaomi.scanner,Others,com.xiaomi.scanner=Others
com.samsung.android.visionintelligence,Others,com.samsung.android.visionintelligence=Others
com.osp.app.signin,Others,com.osp.app.signin=Others
com.xiaomi.bluetooth,Others,com.xiaomi.bluetooth=Others
com.android.server.telecom,Others,com.android.server.telecom=Others
com.samsung.android.calendar,Others,com.samsung.android.calendar=Others
com.samsung.android.app.notes.addons,Others,com.samsung.android.app.notes.addons=Others
com.samsung.accessibility,Others,com.samsung.accessibility=Others
com.samsung.android.messaging,Others,com.samsung.android.messaging=Others
com.android.printspooler,Others,com.android.printspooler=Others
cn.wps.xiaomi.abroad.lite,Others,cn.wps.xiaomi.abroad.lite=Others
com.samsung.android.app.galaxyfinder,Others,com.samsung.android.app.galaxyfinder=Others
com.android.providers.media.module,Others,com.android.providers.media.module=Others
org.mistergroup.muzutozvednout,Others,org.mistergroup.muzutozvednout=Others
com.android.soundpicker,Others,com.android.soundpicker=Others
com.sec.android.app.samsungapps,Others,com.sec.android.app.samsungapps=Others
com.miui.notes,Others,com.miui.notes=Others
com.android.phone,Others,com.android.phone=Others
com.milink.service,Others,com.milink.service=Others
instake.repost.instagramphotodownloader.instagramvideodownloader,Others,instake.repost.instagramphotodownloader.instagramvideodownloader=Others
com.samsung.android.app.telephonyui,Others,com.samsung.android.app.telephonyui=Others
com.samsung.android.video,Others,com.samsung.android.video=Others
com.samsung.android.mdx.quickboard,Others,com.samsung.android.mdx.quickboard=Others
br.ufpi.sinapsemobile,Others,br.ufpi.sinapsemobile=Others
com.samsung.android.app.spage,Others,com.samsung.android.app.spage=Others
com.microsoft.xcloud,Others,com.microsoft.xcloud=Others
com.sec.android.daemonapp,Others,com.sec.android.daemonapp=Others
com.android.documentsui,Others,com.android.documentsui=Others
com.popularapp.videodownloaderforinstagram,Others,com.popularapp.videodownloaderforinstagram=Others
com.android.storagemanager,Others,com.android.storagemanager=Others
com.android.bluetooth,Others,com.android.bluetooth=Others
com.miui.screenrecorder,Others,com.miui.screenrecorder=Others
com.samsung.android.setting.multisound,Others,com.samsung.android.setting.multisound=Others
com.samsung.android.game.gametools,Others,com.samsung.android.game.gametools=Others
com.miui.powerkeeper,Others,com.miui.powerkeeper=Others
com.android.vpndialogs,Others,com.android.vpndialogs=Others
com.android.traceur,Others,com.android.traceur=Others
com.android.certinstaller,Others,com.android.certinstaller=Others
com.motorola.ccc.ota,Others,com.motorola.ccc.ota=Others
com.samsung.android.smartmirroring,Others,com.samsung.android.smartmirroring=Others
com.snaptube.premium,Others,com.snaptube.premium=Others
com.samsung.sec.android.teegris.tui_service,Others,com.samsung.sec.android.teegris.tui_service=Others
com.samsung.android.rubin.app,Others,com.samsung.android.rubin.app=Others
com.android.thememanager,Others,com.android.thememanager=Others
com.android.incallui,Others,com.android.incallui=Others
com.android.contacts,Others,com.android.contacts=Others
com.jefferson.freeparking,Others,com.jefferson.freeparking=Others
com.android.htmlviewer,Others,com.android.htmlviewer=Others
com.xiaomi.discover,Others,com.xiaomi.discover=Others
com.samsung.android.samsungpassautofill,Others,com.samsung.android.samsungpassautofill=Others
com.samsung.android.honeyboard,Others,com.samsung.android.honeyboard=Others
com.android.browser,Others,com.android.browser=Others
com.android.stk2,Others,com.android.stk2=Others
br.gov.caixa.loterias.apostas,Others,br.gov.caixa.loterias.apostas=Others
com.miui.mediaeditor,Others,com.miui.mediaeditor=Others
com.miui.securitycore,Others,com.miui.securitycore=Others
com.miui.extraphoto,Others,com.miui.extraphoto=Others
com.android.providers.downloads.ui,Others,com.android.providers.downloads.ui=Others
com.android.keychain,Others,com.android.keychain=Others
com.ultimate.recorder.voiceaudio,Others,com.ultimate.recorder.voiceaudio=Others
com.android.captiveportallogin,Others,com.android.captiveportallogin=Others
com.miui.cloudservice,Others,com.miui.cloudservice=Others
com.samsung.android.bixby.agent,Others,com.samsung.android.bixby.agent=Others
com.android.mms,Others,com.android.mms=Others
org.chromium.webapk.a215a919002f48c06_v2,Others,org.chromium.webapk.a215a919002f48c06_v2=Others
com.android.bips,Others,com.android.bips=Others
com.android.egg,Others,com.android.egg=Others
com.android.calendar,Others,com.android.calendar=Others
com.sec.android.app.factorykeystring,Others,com.sec.android.app.factorykeystring=Others
com.duokan.phone.remotecontroller.peel.plugin,Others,com.duokan.phone.remotecontroller.peel.plugin=Others
com.android.soundrecorder,Others,com.android.soundrecorder=Others
com.samsung.android.app.routines,Others,com.samsung.android.app.routines=Others
com.android.updater,Others,com.android.updater=Others
com.samsung.android.app.sharelive,Others,com.samsung.android.app.sharelive=Others
com.samsung.android.app.dressroom,Others,com.samsung.android.app.dressroom=Others
com.samsung.android.themestore,Others,com.samsung.android.themestore=Others
com.samsung.android.hmt.vrsvc,Others,com.samsung.android.hmt.vrsvc=Others
com.samsung.android.net.wifi.wifiguider,Others,com.samsung.android.net.wifi.wifiguider=Others
com.asus.launcher,Others,com.asus.launcher=Others
com.runtastic.android.legtrainer.lite,Others,com.runtastic.android.legtrainer.lite=Others
com.samsung.android.samsungpass,Others,com.samsung.android.samsungpass=Others
android.instant_app,Others,android.instant_app=Others
com.lightricks.facetune,Others,com.lightricks.facetune=Others
com.roidapp.photogrid,Others,com.roidapp.photogrid=Others
com.samsung.android.app.dofviewer,Others,com.samsung.android.app.dofviewer=Others
com.medplan.mobile.activity,Others,com.medplan.mobile.activity=Others
com.sec.android.app.launcher,Personalization,com.sec.android.app.launcher=Personalization
com.mi.android.globallauncher,Personalization,com.mi.android.globallauncher=Personalization
com.miui.android.fashiongallery,Personalization,com.miui.android.fashiongallery=Personalization
com.google.android.apps.wallpaper,Personalization,com.google.android.apps.wallpaper=Personalization
us.current.android,Personalization,us.current.android=Personalization
com.motorola.moto,Personalization,com.motorola.moto=Personalization
com.sec.android.gallery3d,Photography,com.sec.android.gallery3d=Photography
com.motorola.camera2,Photography,com.motorola.camera2=Photography
com.camerasideas.instashot,Photography,com.camerasideas.instashot=Photography
com.cyworld.camera,Photography,com.cyworld.camera=Photography
com.ryzerobotics.tello,Photography,com.ryzerobotics.tello=Photography
photo.editor.photoeditor.filtersforpictures,Photography,photo.editor.photoeditor.filtersforpictures=Photography
com.picsart.studio,Photography,com.picsart.studio=Photography
com.instagram.boomerang,Photography,com.instagram.boomerang=Photography
com.asus.gallery,Photography,com.asus.gallery=Photography
com.magicv.airbrush,Photography,com.magicv.airbrush=Photography
com.ifttt.ifttt,Productivity,com.ifttt.ifttt=Productivity
com.google.android.apps.docs,Productivity,com.google.android.apps.docs=Productivity
com.teacapps.barcodescanner,Productivity,com.teacapps.barcodescanner=Productivity
com.google.android.apps.docs.editors.sheets,Productivity,com.google.android.apps.docs.editors.sheets=Productivity
com.google.android.apps.docs.editors.slides,Productivity,com.google.android.apps.docs.editors.slides=Productivity
com.microsoft.office.officehubrow,Productivity,com.microsoft.office.officehubrow=Productivity
com.alphainventor.filemanager,Productivity,com.alphainventor.filemanager=Productivity
com.framework.tangerino,Productivity,com.framework.tangerino=Productivity
com.google.android.apps.docs.editors.docs,Productivity,com.google.android.apps.docs.editors.docs=Productivity
com.google.android.calendar,Productivity,com.google.android.calendar=Productivity
com.google.android.apps.subscriptions.red,Productivity,com.google.android.apps.subscriptions.red=Productivity
com.samsung.android.app.notes,Productivity,com.samsung.android.app.notes=Productivity
com.microsoft.skydrive,Productivity,com.microsoft.skydrive=Productivity
com.intsig.camscanner,Productivity,com.intsig.camscanner=Productivity
com.google.android.apps.tasks,Productivity,com.google.android.apps.tasks=Productivity
com.google.android.keep,Productivity,com.google.android.keep=Productivity
com.foxit.mobile.pdf.lite,Productivity,com.foxit.mobile.pdf.lite=Productivity
com.microsoft.office.outlook,Productivity,com.microsoft.office.outlook=Productivity
cn.wps.moffice_eng,Productivity,cn.wps.moffice_eng=Productivity
com.adobe.reader,Productivity,com.adobe.reader=Productivity
com.alarmclock.xtreme.free,Productivity,com.alarmclock.xtreme.free=Productivity
com.socialnmobile.dictapps.notepad.color.note,Productivity,com.socialnmobile.dictapps.notepad.color.note=Productivity
com.evernote,Productivity,com.evernote=Productivity
com.trello,Productivity,com.trello=Productivity
br.com.correios.preatendimento,Productivity,br.com.correios.preatendimento=Productivity
lhsac.netonda.com.br,Productivity,lhsac.netonda.com.br=Productivity
com.xiaomi.calendar,Productivity,com.xiaomi.calendar=Productivity
br.com.updatedigital.sistemaDiarioDeObrasOnline,Productivity,br.com.updatedigital.sistemaDiarioDeObrasOnline=Productivity
com.google.android.apps.googleassistant,Productivity,com.google.android.apps.googleassistant=Productivity
br.gov.dataprev.meuinss,Productivity,br.gov.dataprev.meuinss=Productivity
com.microsoft.office.word,Productivity,com.microsoft.office.word=Productivity
com.dropbox.android,Productivity,com.dropbox.android=Productivity
notion.id,Productivity,notion.id=Productivity
host.exp.exponent,Productivity,host.exp.exponent=Productivity
br.com.netoreboucas.ponto,Productivity,br.com.netoreboucas.ponto=Productivity
com.microsoft.office.excel,Productivity,com.microsoft.office.excel=Productivity
com.samsung.android.email.provider,Productivity,com.samsung.android.email.provider=Productivity
com.asus.calculator,Productivity,com.asus.calculator=Productivity
com.microsoft.office.powerpoint,Productivity,com.microsoft.office.powerpoint=Productivity
com.mercadolibre,Shopping,com.mercadolibre=Shopping
monitor.app.com.empalux,Shopping,monitor.app.com.empalux=Shopping
com.novapontocom.casasbahia,Shopping,com.novapontocom.casasbahia=Shopping
com.alibaba.aliexpresshd,Shopping,com.alibaba.aliexpresshd=Shopping
com.amazon.mShop.android.shopping,Shopping,com.amazon.mShop.android.shopping=Shopping
com.vanguarda.izio,Shopping,com.vanguarda.izio=Shopping
com.schibsted.bomnegocio.androidApp,Shopping,com.schibsted.bomnegocio.androidApp=Shopping
com.shopee.br,Shopping,com.shopee.br=Shopping
br.com.carvalhosupershop.appvendas,Shopping,br.com.carvalhosupershop.appvendas=Shopping
br.com.rcarvalhoonline.appvendas,Shopping,br.com.rcarvalhoonline.appvendas=Shopping
com.luizalabs.mlapp,Shopping,com.luizalabs.mlapp=Shopping
com.b2w.americanas,Shopping,com.b2w.americanas=Shopping
br.com.meliuz,Shopping,br.com.meliuz=Shopping
mercadapp.fgl.com.nidobox,Shopping,mercadapp.fgl.com.nidobox=Shopping
com.jcpm.riomarkennedy,Shopping,com.jcpm.riomarkennedy=Shopping
com.zoom.zoomandroid,Shopping,com.zoom.zoomandroid=Shopping
com.supergasbras.app,Shopping,com.supergasbras.app=Shopping
br.com.elo7.appbuyer,Shopping,br.com.elo7.appbuyer=Shopping
com.tokstok.app,Shopping,com.tokstok.app=Shopping
br.com.cea.appb2c,Shopping,br.com.cea.appb2c=Shopping
br.com.riachuelo.app,Shopping,br.com.riachuelo.app=Shopping
br.com.lojasrenner,Shopping,br.com.lojasrenner=Shopping
com.zhiliaoapp.musically,Social,com.zhiliaoapp.musically=Social
com.instagram.android,Social,com.instagram.android=Social
com.facebook.katana,Social,com.facebook.katana=Social
com.twitter.android,Social,com.twitter.android=Social
com.reddit.frontpage,Social,com.reddit.frontpage=Social
com.handmark.tweetcaster,Social,com.handmark.tweetcaster=Social
br.gov.caixa.bolsafamilia,Social,br.gov.caixa.bolsafamilia=Social
br.com.soueu.app.social,Social,br.com.soueu.app.social=Social
br.gov.caixa.trabalhador,Social,br.gov.caixa.trabalhador=Social
com.skout.android,Social,com.skout.android=Social
com.textmeinc.textme,Social,com.textmeinc.textme=Social
org.thunderdog.challegram,Social,org.thunderdog.challegram=Social
com.facebook.lite,Social,com.facebook.lite=Social
de.motain.iliga,Sports,de.motain.iliga=Sports
com.soccer.score.star,Sports,com.soccer.score.star=Sports
com.sofascore.results,Sports,com.sofascore.results=Sports
com.crrepa.band.dafit,Sports,com.crrepa.band.dafit=Sports
com.scores365,Sports,com.scores365=Sports
tv.mycujoo.mycujooplayer,Sports,tv.mycujoo.mycujooplayer=Sports
eu.livesport.Resultados_com,Sports,eu.livesport.Resultados_com=Sports
com.globo.ge.app,Sports,com.globo.ge.app=Sports
org.hcilab.projects.nlog,Tools,org.hcilab.projects.nlog=Tools
com.motorola.timeweatherwidget,Tools,com.motorola.timeweatherwidget=Tools
br.gov.ce.detran.mobile,Tools,br.gov.ce.detran.mobile=Tools
com.google.android.googlequicksearchbox,Tools,com.google.android.googlequicksearchbox=Tools
com.sec.android.app.popupcalculator,Tools,com.sec.android.app.popupcalculator=Tools
com.google.android.gms,Tools,com.google.android.gms=Tools
com.sec.android.app.myfiles,Tools,com.sec.android.app.myfiles=Tools
com.google.ar.lens,Tools,com.google.ar.lens=Tools
com.google.android.deskclock,Tools,com.google.android.deskclock=Tools
com.google.android.dialer,Tools,com.google.android.dialer=Tools
br.gov.dataprev.carteiradigital,Tools,br.gov.dataprev.carteiradigital=Tools
com.blogspot.byterevapps.lollipopscreenrecorder,Tools,com.blogspot.byterevapps.lollipopscreenrecorder=Tools
com.mi.android.globalFileexplorer,Tools,com.mi.android.globalFileexplorer=Tools
com.snowcorp.stickerly.android,Tools,com.snowcorp.stickerly.android=Tools
com.samsung.android.neatplugin,Tools,com.samsung.android.neatplugin=Tools
com.samsung.android.app.watchmanager,Tools,com.samsung.android.app.watchmanager=Tools
com.privateinternetaccess.android,Tools,com.privateinternetaccess.android=Tools
com.miui.cleaner,Tools,com.miui.cleaner=Tools
cn.xiaofengkj.fitpro,Tools,cn.xiaofengkj.fitpro=Tools
jp.co.canon.bsd.ad.pixmaprint,Tools,jp.co.canon.bsd.ad.pixmaprint=Tools
com.kms.free,Tools,com.kms.free=Tools
com.google.android.apps.translate,Tools,com.google.android.apps.translate=Tools
com.miui.calculator,Tools,com.miui.calculator=Tools
com.google.android.calculator,Tools,com.google.android.calculator=Tools
com.hopej.android.go,Tools,com.hopej.android.go=Tools
com.google.android.inputmethod.latin,Tools,com.google.android.inputmethod.latin=Tools
br.gov.meugovbr,Tools,br.gov.meugovbr=Tools
com.google.android.apps.nbu.files,Tools,com.google.android.apps.nbu.files=Tools
com.samsung.android.lool,Tools,com.samsung.android.lool=Tools
com.followers.unfollowers,Tools,com.followers.unfollowers=Tools
br.gov.serpro.cnhe,Tools,br.gov.serpro.cnhe=Tools
pspad.grill.com,Tools,pspad.grill.com=Tools
chromecast.tv.streaming.screen.share,Tools,chromecast.tv.streaming.screen.share=Tools
epson.print,Tools,epson.print=Tools
br.com.vivo,Tools,br.com.vivo=Tools
jackpal.androidterm,Tools,jackpal.androidterm=Tools
com.sec.android.app.voicenote,Tools,com.sec.android.app.voicenote=Tools
com.google.android.apps.paidtasks,Tools,com.google.android.apps.paidtasks=Tools
com.xapp.ledscroller,Tools,com.xapp.ledscroller=Tools
com.duokan.phone.remotecontroller,Tools,com.duokan.phone.remotecontroller=Tools
br.gov.mds.cadastrounico,Tools,br.gov.mds.cadastrounico=Tools
com.symantec.mobilesecurity,Tools,com.symantec.mobilesecurity=Tools
br.com.timbrasil.meutim,Tools,br.com.timbrasil.meutim=Tools
com.mobile.myeye,Tools,com.mobile.myeye=Tools
br.inatel.icc.gigasecurity.gigamonitor,Tools,br.inatel.icc.gigasecurity.gigamonitor=Tools
com.motorola.screenshoteditor,Tools,com.motorola.screenshoteditor=Tools
br.com.mobicare.minhaoi,Tools,br.com.mobicare.minhaoi=Tools
com.mi.globalbrowser,Tools,com.mi.globalbrowser=Tools
com.Relmtech.Remote,Tools,com.Relmtech.Remote=Tools
com.xiaomi.midrop,Tools,com.xiaomi.midrop=Tools
app.greyshirts.sslcapture,Tools,app.greyshirts.sslcapture=Tools
com.google.android.apps.authenticator2,Tools,com.google.android.apps.authenticator2=Tools
com.google.android.apps.kids.familylink,Tools,com.google.android.apps.kids.familylink=Tools
com.dsdevelop.rastreiofacil,Tools,com.dsdevelop.rastreiofacil=Tools
com.google.chromeremotedesktop,Tools,com.google.chromeremotedesktop=Tools
com.firemobile.fileexplorer.aio,Tools,com.firemobile.fileexplorer.aio=Tools
com.pdf.reader.pdfviewer.pdfeditor.forandroid,Tools,com.pdf.reader.pdfviewer.pdfeditor.forandroid=Tools
com.crrepa.ymupgrade,Tools,com.crrepa.ymupgrade=Tools
com.scitesoft.primorisevents,Tools,com.scitesoft.primorisevents=Tools
com.mercadoenvios.crowdsourcing,Tools,com.mercadoenvios.crowdsourcing=Tools
com.cleanteam.oneboost,Tools,com.cleanteam.oneboost=Tools
com.green.clean.smartphone,Tools,com.green.clean.smartphone=Tools
com.tool.power.sweep.clean,Tools,com.tool.power.sweep.clean=Tools
com.epson.mobilephone.android.epsonprintserviceplugin,Tools,com.epson.mobilephone.android.epsonprintserviceplugin=Tools
com.google.android.apps.restore,Tools,com.google.android.apps.restore=Tools
com.overlook.android.fing,Tools,com.overlook.android.fing=Tools
dev.rokitskiy.wfab,Tools,dev.rokitskiy.wfab=Tools
com.ekstech.ekaza,Tools,com.ekstech.ekaza=Tools
com.talzz.datadex,Tools,com.talzz.datadex=Tools
com.tripadvisor.tripadvisor,Travel & Local,com.tripadvisor.tripadvisor=Travel & Local
com.google.android.apps.maps,Travel & Local,com.google.android.apps.maps=Travel & Local
mobile.latam.com.latamapp,Travel & Local,mobile.latam.com.latamapp=Travel & Local
com.latam.xp,Travel & Local,com.latam.xp=Travel & Local
com.airbnb.android,Travel & Local,com.airbnb.android=Travel & Local
com.booking,Travel & Local,com.booking=Travel & Local
com.google.android.youtube,Video Players & Editors,com.google.android.youtube=Video Players & Editors
com.intelbras.isiclite,Video Players & Editors,com.intelbras.isiclite=Video Players & Editors
com.utorrent.client,Video Players & Editors,com.utorrent.client=Video Players & Editors
videoeditor.videorecorder.screenrecorder,Video Players & Editors,videoeditor.videorecorder.screenrecorder=Video Players & Editors
com.google.android.videos,Video Players & Editors,com.google.android.videos=Video Players & Editors
com.lemon.lvoverseas,Video Players & Editors,com.lemon.lvoverseas=Video Players & Editors
com.kwai.video,Video Players & Editors,com.kwai.video=Video Players & Editors
com.bongasoft.addremovewatermark,Video Players & Editors,com.bongasoft.addremovewatermark=Video Players & Editors
tmate.tiktokvideodownloader.nowatermark.savetiktokvideo,Video Players & Editors,tmate.tiktokvideodownloader.nowatermark.savetiktokvideo=Video Players & Editors
com.google.android.apps.youtube.creator,Video Players & Editors,com.google.android.apps.youtube.creator=Video Players & Editors
com.miui.weather2,Weather,com.miui.weather2=Weather
com.samsung.android.brdigitalaccount,Finance,com.samsung.android.brdigitalaccount=Finance
com.asus.camera,Others,com.asus.camera=Others
com.bitstrips.imoji,Entertainment,com.bitstrips.imoji=Entertainment
com.ction.playergames,Simulation,com.ction.playergames=Simulation
futts.dahora37,Tools,futts.dahora37=Tools
br.com.i6tecnologia.scaaluno,Health & Fitness,br.com.i6tecnologia.scaaluno=Health & Fitness
com.samsung.android.livestickers,Others,com.samsung.android.livestickers=Others
com.c6bank.app,Finance,com.c6bank.app=Finance
br.gov.sinesp.cidadao.android,Tools,br.gov.sinesp.cidadao.android=Tools
com.motorola.brapps,Productivity,com.motorola.brapps=Productivity
com.motorola.audiofx,Others,com.motorola.audiofx=Others
com.rsa.securidapp,Communication,com.rsa.securidapp=Communication
com.mintgames.triplecrush.tile.fun,Puzzle,com.mintgames.triplecrush.tile.fun=Puzzle
com.miui.notification,Others,com.miui.notification=Others
com.todoist,Productivity,com.todoist=Productivity
com.samsung.android.svoiceime,Others,com.samsung.android.svoiceime=Others
com.avast.android.mobilesecurity,Tools,com.avast.android.mobilesecurity=Tools
com.sec.android.easyMover,Tools,com.sec.android.easyMover=Tools
com.asus.filemanager,Others,com.asus.filemanager=Others
repost.share.instagram.videodownloader.photodownloader,Video Players & Editors,repost.share.instagram.videodownloader.photodownloader=Video Players & Editors
br.com.decathlon,Shopping,br.com.decathlon=Shopping
com.zzkko,Shopping,com.zzkko=Shopping
br.com.netshoes.app,Shopping,br.com.netshoes.app=Shopping
com.google.android.apps.wellbeing,Tools,com.google.android.apps.wellbeing=Tools
com.customsolutions.android.alexa,Productivity,com.customsolutions.android.alexa=Productivity
com.motorola.livewallpaper3,Personalization,com.motorola.livewallpaper3=Personalization
com.arlosoft.macrodroid,Tools,com.arlosoft.macrodroid=Tools
com.android.wallpaper.livepicker,Others,com.android.wallpaper.livepicker=Others
com.vidangel.thechosen,Entertainment,com.vidangel.thechosen=Entertainment
com.handycloset.android.eraser,Photography,com.handycloset.android.eraser=Photography
com.docx.reader.word.docx.document.office.free.viewer,Tools,com.docx.reader.word.docx.document.office.free.viewer=Tools
br.com.espacolaser.Agendamento,Beauty,br.com.espacolaser.Agendamento=Beauty
com.sec.android.app.fm,Others,com.sec.android.app.fm=Others
com.btg.pactual.banking.uat,Others,com.btg.pactual.banking.uat=Others
com.samsung.android.forest,Others,com.samsung.android.forest=Others
com.shazam.android,Music & Audio,com.shazam.android=Music & Audio
com.google.android.setupwizard,Others,com.google.android.setupwizard=Others
com.sec.android.app.SecSetupWizard,Others,com.sec.android.app.SecSetupWizard=Others
com.sec.android.easyMover.Agent,Others,com.sec.android.easyMover.Agent=Others
com.samsung.android.secsoundpicker,Others,com.samsung.android.secsoundpicker=Others
com.samsung.android.scloud,Productivity,com.samsung.android.scloud=Productivity
com.facebook.appmanager,Others,com.facebook.appmanager=Others
com.samsung.android.app.omcagent,Others,com.samsung.android.app.omcagent=Others
com.samsung.android.app.simplesharing,Others,com.samsung.android.app.simplesharing=Others
com.dti.samsung,Others,com.dti.samsung=Others
twimate.tweetdownloader.savetwittergif.twittervideodownloader,Video Players & Editors,twimate.tweetdownloader.savetwittergif.twittervideodownloader=Video Players & Editors
com.android.providers.media,Others,com.android.providers.media=Others
org.chromium.webapk.a5c891bf78bc7d510_v2,Others,org.chromium.webapk.a5c891bf78bc7d510_v2=Others
com.netflix.NGP.StrangerThings,Adventure,com.netflix.NGP.StrangerThings=Adventure
br.com.zeenow.zeenow,Shopping,br.com.zeenow.zeenow=Shopping
com.trivago,Travel & Local,com.trivago=Travel & Local
com.gvt.minhagvt.enterprise,Tools,com.gvt.minhagvt.enterprise=Tools
com.miui.miservice,Others,com.miui.miservice=Others
com.soundcorset.client.android,Music & Audio,com.soundcorset.client.android=Music & Audio
br.jus.tse.eleitoral.etitulo,Social,br.jus.tse.eleitoral.etitulo=Social
com.itau.iti,Finance,com.itau.iti=Finance
com.asus.asusincallui,Productivity,com.asus.asusincallui=Productivity
com.samsung.android.app.clockpack,Others,com.samsung.android.app.clockpack=Others
com.instagram.layout,Photography,com.instagram.layout=Photography
br.gov.dataprev.sinefacil,Tools,br.gov.dataprev.sinefacil=Tools
com.lbe.parallel.intl,Personalization,com.lbe.parallel.intl=Personalization
com.yoosee,Video Players & Editors,com.yoosee=Video Players & Editors
com.agendeiquadrasadm,Sports,com.agendeiquadrasadm=Sports
com.agendeiquadras,Sports,com.agendeiquadras=Sports
com.azure.authenticator,Business,com.azure.authenticator=Business
me.nextplus.smsfreetext.phonecalls,Communication,me.nextplus.smsfreetext.phonecalls=Communication
com.blizzard.bma,Entertainment,com.blizzard.bma=Entertainment
com.condor.superlogica,Communication,com.condor.superlogica=Communication
com.bioware.android.apps.authenticator,Entertainment,com.bioware.android.apps.authenticator=Entertainment
com.gogii.textplus,Social,com.gogii.textplus=Social
com.google.android.apps.adm,Tools,com.google.android.apps.adm=Tools
com.azarlive.android,Communication,com.azarlive.android=Communication
br.com.madeiramadeira,Shopping,br.com.madeiramadeira=Shopping
com.novapontocom.extra,Shopping,com.novapontocom.extra=Shopping
com.mobly,House & Home,com.mobly=House & Home
com.contextlogic.wish,Shopping,com.contextlogic.wish=Shopping
com.samsung.android.geargplugin,Tools,com.samsung.android.geargplugin=Tools
com.harman.ble.jbllink,Entertainment,com.harman.ble.jbllink=Entertainment
br.com.aegea.services,Business,br.com.aegea.services=Business
com.northcube.sleepcycle,Health & Fitness,com.northcube.sleepcycle=Health & Fitness
com.duckduckgo.mobile.android,Tools,com.duckduckgo.mobile.android=Tools
com.nand.addtext,Photography,com.nand.addtext=Photography
br.gov.serpro.planejamento.contracheque,Finance,br.gov.serpro.planejamento.contracheque=Finance
br.com.enjoei.app,Shopping,br.com.enjoei.app=Shopping
br.gov.fazenda.receita.mei,Business,br.gov.fazenda.receita.mei=Business
com.kidga.sudoku.master,Puzzle,com.kidga.sudoku.master=Puzzle
com.directv.dtvlatambr,Entertainment,com.directv.dtvlatambr=Entertainment
com.google.android.apps.enterprise.dmagent,Productivity,com.google.android.apps.enterprise.dmagent=Productivity
com.wsomacp,Others,com.wsomacp=Others
com.netflix.NGP.StrangerThings3,Adventure,com.netflix.NGP.StrangerThings3=Adventure
com.weieyu.yalla,Entertainment,com.weieyu.yalla=Entertainment
com.samsung.android.service.tagservice,Others,com.samsung.android.service.tagservice=Others
br.wsdantasdev.phonenumberstools.free,Tools,br.wsdantasdev.phonenumberstools.free=Tools
org.chromium.webapk.a104951fc1769b11d_v2,Others,org.chromium.webapk.a104951fc1769b11d_v2=Others
free.video.downloader.freevideodownloader,Video Players & Editors,free.video.downloader.freevideodownloader=Video Players & Editors
com.samsung.android.app.updatecenter,Others,com.samsung.android.app.updatecenter=Others
com.samsung.android.MtpApplication,Others,com.samsung.android.MtpApplication=Others
com.miui.bugreport,Others,com.miui.bugreport=Others
br.com.guiademoteis.go.android,Travel & Local,br.com.guiademoteis.go.android=Travel & Local
org.videolan.vlc,Video Players & Editors,org.videolan.vlc=Video Players & Editors
br.com.foursys.boavistaconsumidor,Finance,br.com.foursys.boavistaconsumidor=Finance
com.piriform.ccleaner,Tools,com.piriform.ccleaner=Tools
com.agendazap,Shopping,com.agendazap=Shopping
com.miui.aod,Others,com.miui.aod=Others
com.miui.misound,Others,com.miui.misound=Others
com.miui.phrase,Others,com.miui.phrase=Others
com.asus.themeapp,Personalization,com.asus.themeapp=Personalization
com.asus.packageinstaller,Others,com.asus.packageinstaller=Others
com.tranzmate,Maps & Navigation,com.tranzmate=Maps & Navigation
com.asus.mobilemanager,Tools,com.asus.mobilemanager=Tools
com.miui.securityadd,Others,com.miui.securityadd=Others
com.bigwinepot.nwdn.international,Photography,com.bigwinepot.nwdn.international=Photography
br.com.ubizcarbahia.passenger.drivermachine,Maps & Navigation,br.com.ubizcarbahia.passenger.drivermachine=Maps & Navigation
org.zwanoo.android.speedtest,Tools,org.zwanoo.android.speedtest=Tools
io.wallpaperengine.weclient,Personalization,io.wallpaperengine.weclient=Personalization
com.ripio.android,Finance,com.ripio.android=Finance
br.gov.fazenda.receita.irpf,Tools,br.gov.fazenda.receita.irpf=Tools
com.sec.unifiedwfc,Others,com.sec.unifiedwfc=Others
com.studiosol.cifraclub,Music & Audio,com.studiosol.cifraclub=Music & Audio
one.digitalinnovation.app,Education,one.digitalinnovation.app=Education
com.google.android.apps.searchlite,Tools,com.google.android.apps.searchlite=Tools
com.miui.cloudbackup,Others,com.miui.cloudbackup=Others
br.com.m2m.meuonibus.saoluiz,Maps & Navigation,br.com.m2m.meuonibus.saoluiz=Maps & Navigation
br.com.bancopan.cartoes,Finance,br.com.bancopan.cartoes=Finance
storysaverforinstagram.storydownloader.instastorysaver,Others,storysaverforinstagram.storydownloader.instastorysaver=Others
br.com.brunosoaresnepomuceno.sorteiofacil,Tools,br.com.brunosoaresnepomuceno.sorteiofacil=Tools
com.samsung.android.voc,Tools,com.samsung.android.voc=Tools
com.claro.claromusica.br,Music & Audio,com.claro.claromusica.br=Music & Audio
com.aeromexico.app,Travel & Local,com.aeromexico.app=Travel & Local
br.gov.ce.cearaapp,Social,br.gov.ce.cearaapp=Social
br.com.center.servis,Communication,br.com.center.servis=Communication
com.claroapp,Tools,com.claroapp=Tools
com.mi.global.bbs,Social,com.mi.global.bbs=Social
com.nakashimaakio.fliprotateimage,Photography,com.nakashimaakio.fliprotateimage=Photography
sinet.startup.inDriver,Maps & Navigation,sinet.startup.inDriver=Maps & Navigation
br.com.mobilesaude.medplan,Health & Fitness,br.com.mobilesaude.medplan=Health & Fitness
com.android.nfc,Others,com.android.nfc=Others
com.miui.fmservice,Others,com.miui.fmservice=Others
com.miui.fm,Others,com.miui.fm=Others
com.samsung.max.go,Others,com.samsung.max.go=Others
com.guichevirtual.android,Travel & Local,com.guichevirtual.android=Travel & Local
com.mobilenik.universalAssistance,Travel & Local,com.mobilenik.universalAssistance=Travel & Local
net.zedge.android,Personalization,net.zedge.android=Personalization
com.getmimo,Education,com.getmimo=Education
br.com.connect.connectsac,Productivity,br.com.connect.connectsac=Productivity
com.google.android.captiveportallogin,Others,com.google.android.captiveportallogin=Others
miui.systemui.plugin,Others,miui.systemui.plugin=Others
br.com.sidroniolima.medo_e_delirio_app,Entertainment,br.com.sidroniolima.medo_e_delirio_app=Entertainment
com.asus.weathertime,Weather,com.asus.weathertime=Weather
com.asus.deskclock,Tools,com.asus.deskclock=Tools
vem.posto.virtual,Social,vem.posto.virtual=Social
com.marsvard.stickermakerforwhatsapp,Tools,com.marsvard.stickermakerforwhatsapp=Tools
com.cool.volume.sound.booster,Music & Audio,com.cool.volume.sound.booster=Music & Audio
air.com.hypah.io.slither,Action,air.com.hypah.io.slither=Action
com.sec.android.app.vepreload,Others,com.sec.android.app.vepreload=Others
com.huawei.works.videomeetinglite,Others,com.huawei.works.videomeetinglite=Others
br.gov.bnb.nelmobile,Finance,br.gov.bnb.nelmobile=Finance
com.motorola.easyprefix,Tools,com.motorola.easyprefix=Tools
com.goodbarber.exercitobr,Productivity,com.goodbarber.exercitobr=Productivity
com.illusions.sonyuniversalremote,Tools,com.illusions.sonyuniversalremote=Tools
com.formulaone.production,Sports,com.formulaone.production=Sports
com.logame.eliminateintruder3d,Arcade,com.logame.eliminateintruder3d=Arcade
br.com.lge.smartTruco.argentine,Card,br.com.lge.smartTruco.argentine=Card
com.c25k,Health & Fitness,com.c25k=Health & Fitness
com.miui.compass,Others,com.miui.compass=Others
br.com.cspar.vmcard,Productivity,br.com.cspar.vmcard=Productivity
br.com.bradesco.cartoes,Finance,br.com.bradesco.cartoes=Finance
com.samsung.sree,Education,com.samsung.sree=Education
app.z1.mobile,Finance,app.z1.mobile=Finance
com.microsoft.office.officelens,Productivity,com.microsoft.office.officelens=Productivity
sautotecnologia.br.obadelivery,Shopping,sautotecnologia.br.obadelivery=Shopping
com.facebook.system,Social,com.facebook.system=Social
com.example.concatadapter,Others,com.example.concatadapter=Others
com.bandlab.bandlab,Music & Audio,com.bandlab.bandlab=Music & Audio
air.elbuhoboo.app,Educational,air.elbuhoboo.app=Educational
com.odete.samsung,Finance,com.odete.samsung=Finance
com.google.android.cellbroadcastreceiver,Others,com.google.android.cellbroadcastreceiver=Others
com.hecorat.screenrecorder.free,Video Players & Editors,com.hecorat.screenrecorder.free=Video Players & Editors
com.ada.app,Medical,com.ada.app=Medical
br.com.buscadordereceitas.fitness,Food & Drink,br.com.buscadordereceitas.fitness=Food & Drink
com.musixmatch.android.lyrify,Music & Audio,com.musixmatch.android.lyrify=Music & Audio
com.xiaomi.misettings,Others,com.xiaomi.misettings=Others
com.android.provision,Others,com.android.provision=Others
com.idjovem2,Social,com.idjovem2=Social
com.hp.pregnancy.lite,Parenting,com.hp.pregnancy.lite=Parenting
com.babycenter.pregnancytracker,Parenting,com.babycenter.pregnancytracker=Parenting
com.samsung.android.mtp,Others,com.samsung.android.mtp=Others
com.sec.android.app.soundalive,Others,com.sec.android.app.soundalive=Others
com.globo.kids,Entertainment,com.globo.kids=Entertainment
com.ubisoft.dance.JustDance,Music,com.ubisoft.dance.JustDance=Music
com.weedle.projector_sony_remotes,Others,com.weedle.projector_sony_remotes=Others
com.cocobambu.cupdescprod,Food & Drink,com.cocobambu.cupdescprod=Food & Drink
com.crunchyroll.crmanga,Comics,com.crunchyroll.crmanga=Comics
com.sympla.tickets,Events,com.sympla.tickets=Events
org.cohortor.gstrings,Tools,org.cohortor.gstrings=Tools
com.termux,Tools,com.termux=Tools
br.com.ferreiraemcasa.appvendas,Shopping,br.com.ferreiraemcasa.appvendas=Shopping
br.com.siouxmobile.detetive,Board,br.com.siouxmobile.detetive=Board
br.com.bb.investimentosbb,Finance,br.com.bb.investimentosbb=Finance
com.samsung.android.app.soundpicker,Others,com.samsung.android.app.soundpicker=Others
com.magisto,Video Players & Editors,com.magisto=Video Players & Editors
com.mcdo.mcdonalds,Food & Drink,com.mcdo.mcdonalds=Food & Drink
com.google.android.apps.jam,Tools,com.google.android.apps.jam=Tools
com.asus.soundrecorder,Tools,com.asus.soundrecorder=Tools
com.google.android.feedback,Others,com.google.android.feedback=Others
com.viacrucisdev,Lifestyle,com.viacrucisdev=Lifestyle
com.samsung.android.tadownloader,Others,com.samsung.android.tadownloader=Others
com.roadtrack.onstar,Lifestyle,com.roadtrack.onstar=Lifestyle
br.com.dsfnet.notamobileTHE,Business,br.com.dsfnet.notamobileTHE=Business
com.microsoft.appmanager,Productivity,com.microsoft.appmanager=Productivity
com.smd.douyin18.app,Entertainment,com.smd.douyin18.app=Entertainment
br.com.mobicare.clarofree,Productivity,br.com.mobicare.clarofree=Productivity
com.b2w.shoptime,Shopping,com.b2w.shoptime=Shopping
br.com.sbf.centauro,Shopping,br.com.sbf.centauro=Shopping
br.com.marisa.android,Shopping,br.com.marisa.android=Shopping
com.humanasaude,Medical,com.humanasaude=Medical
com.meubank,Finance,com.meubank=Finance
com.confiancagarantidora.condominiumfastpay,Business,com.confiancagarantidora.condominiumfastpay=Business
com.dts.freefireth,Action,com.dts.freefireth=Action
br.com.mobits.cartolafc,Sports,br.com.mobits.cartolafc=Sports
com.android.mtp,Others,com.android.mtp=Others
br.com.parciais.parciais,Sports,br.com.parciais.parciais=Sports
com.aitekbrasil.smart,Tools,com.aitekbrasil.smart=Tools
com.mobile.myeye.gigaadmin,Video Players & Editors,com.mobile.myeye.gigaadmin=Video Players & Editors
com.lgdstudio.ilife,Casual,com.lgdstudio.ilife=Casual
com.menki.kmv,Shopping,com.menki.kmv=Shopping
lysesoft.andsmb,Productivity,lysesoft.andsmb=Productivity
com.motorola.gesture,Others,com.motorola.gesture=Others
com.motorola.nfwlocationattribution,Others,com.motorola.nfwlocationattribution=Others
com.motorola.android.provisioning,Others,com.motorola.android.provisioning=Others
com.motorola.camera3,Photography,com.motorola.camera3=Photography
com.motorola.ccc.notification,Productivity,com.motorola.ccc.notification=Productivity
com.boranaobra,Productivity,com.boranaobra=Productivity
com.rarlab.rar,Tools,com.rarlab.rar=Tools
com.orange.kidspiano.music.songs,Music,com.orange.kidspiano.music.songs=Music
com.rovio.angrybirdsfriends,Arcade,com.rovio.angrybirdsfriends=Arcade
com.mt.mtxx.mtxx,Photography,com.mt.mtxx.mtxx=Photography
com.motorola.actions,Personalization,com.motorola.actions=Personalization
br.com.meupag,Finance,br.com.meupag=Finance
br.com.telesena.app,Finance,br.com.telesena.app=Finance
com.motorola.coresettingsext,Others,com.motorola.coresettingsext=Others
com.drwapp.sharkdrawstepbystep,Education,com.drwapp.sharkdrawstepbystep=Education
com.imayi.monstertruckgofree,Racing,com.imayi.monstertruckgofree=Racing
br.com.sky.selfcare,Entertainment,br.com.sky.selfcare=Entertainment
com.sega.sonic1px,Action,com.sega.sonic1px=Action
com.google.android.tts,Tools,com.google.android.tts=Tools
com.drwapp.howtodrawtrain,Education,com.drwapp.howtodrawtrain=Education
com.memeandsticker.textsticker,Tools,com.memeandsticker.textsticker=Tools
br.com.promobit.app,Shopping,br.com.promobit.app=Shopping
br.gov.pi.ati.protegecelular,Social,br.gov.pi.ati.protegecelular=Social
br.com.escolhatecnologia.vozdonarrador,Entertainment,br.com.escolhatecnologia.vozdonarrador=Entertainment
com.combineinc.streetracing.driftthreeD,Racing,com.combineinc.streetracing.driftthreeD=Racing
com.sirma.mobile.bible.android,Books & Reference,com.sirma.mobile.bible.android=Books & Reference
no.mobitroll.kahoot.android,Education,no.mobitroll.kahoot.android=Education
com.giga.smart,Tools,com.giga.smart=Tools
com.google.android.street,Travel & Local,com.google.android.street=Travel & Local
com.team.assistivetouch.easytouch,Personalization,com.team.assistivetouch.easytouch=Personalization
com.screenple.screenple,Tools,com.screenple.screenple=Tools
com.rizwan.simplepdfreader2018,Tools,com.rizwan.simplepdfreader2018=Tools
com.example.barras,Others,com.example.barras=Others
com.android.apps.tag,Others,com.android.apps.tag=Others
com.samsung.android.app.social,Others,com.samsung.android.app.social=Others
com.samsung.android.mobileservice,Tools,com.samsung.android.mobileservice=Tools
com.devplank.masterfip,Auto & Vehicles,com.devplank.masterfip=Auto & Vehicles
com.cittacode.paula,Health & Fitness,com.cittacode.paula=Health & Fitness
br.com.portal.oratelecom,Tools,br.com.portal.oratelecom=Tools
com.google.android.marvin.talkback,Others,com.google.android.marvin.talkback=Others
com.craftbox.dietbox,Health & Fitness,com.craftbox.dietbox=Health & Fitness
br.com.cea.mobile.ceapay,Finance,br.com.cea.mobile.ceapay=Finance
com.google.android.apps.pixelmigrate,Tools,com.google.android.apps.pixelmigrate=Tools
game2048.b2048game.twozerofoureight2048.game,Puzzle,game2048.b2048game.twozerofoureight2048.game=Puzzle
com.intelbras,Video Players & Editors,com.intelbras=Video Players & Editors
com.br.multisoft.infoassessor,Productivity,com.br.multisoft.infoassessor=Productivity
br.org.fipe.app,Auto & Vehicles,br.org.fipe.app=Auto & Vehicles
br.kms.placafipe,Auto & Vehicles,br.kms.placafipe=Auto & Vehicles
com.authy.authy,Tools,com.authy.authy=Tools
com.skgames.trafficrider,Racing,com.skgames.trafficrider=Racing
br.com.radioapp.teresinafm,Music & Audio,br.com.radioapp.teresinafm=Music & Audio
com.sec.android.emergencylauncher,Others,com.sec.android.emergencylauncher=Others
io.walletpasses.android,Travel & Local,io.walletpasses.android=Travel & Local
app.over.editor,Art & Design,app.over.editor=Art & Design
com.adobe.lrmobile,Photography,com.adobe.lrmobile=Photography
br.com.kabum.webviewapp,Shopping,br.com.kabum.webviewapp=Shopping
mercadapp.fgl.com.rabelo,Shopping,mercadapp.fgl.com.rabelo=Shopping
com.jefferson.bingowinner.free,Entertainment,com.jefferson.bingowinner.free=Entertainment
com.jefferson.bingowinner.paid,Entertainment,com.jefferson.bingowinner.paid=Entertainment
com.caju.employeeApp,Lifestyle,com.caju.employeeApp=Lifestyle
com.zenkit.zenkit,Productivity,com.zenkit.zenkit=Productivity
com.motorola.gamemode,Tools,com.motorola.gamemode=Tools
com.motorola.dynamicvolume,Others,com.motorola.dynamicvolume=Others
com.dla.android,Entertainment,com.dla.android=Entertainment
dev.keader.correiostracker,Tools,dev.keader.correiostracker=Tools
com.geoguessr.app,Trivia,com.geoguessr.app=Trivia
com.ss.android.ugc.trill,Video Players & Editors,com.ss.android.ugc.trill=Video Players & Editors
com.orelo.OreloMobileApp.production,Entertainment,com.orelo.OreloMobileApp.production=Entertainment
org.emunix.unipatcher,Tools,org.emunix.unipatcher=Tools
br.com.ctncardoso.ctncar,Auto & Vehicles,br.com.ctncardoso.ctncar=Auto & Vehicles
com.samsung.android.app.smartwidget,Others,com.samsung.android.app.smartwidget=Others
com.wered.sensorsmultitool,Tools,com.wered.sensorsmultitool=Tools
br.com.tfsports.customer,Lifestyle,br.com.tfsports.customer=Lifestyle
com.samsung.android.samsungpay.gear,Lifestyle,com.samsung.android.samsungpay.gear=Lifestyle
br.gov.caixa.auxilio,Finance,br.gov.caixa.auxilio=Finance
com.ecvilib.cleanerultra,Tools,com.ecvilib.cleanerultra=Tools
com.sec.android.app.billing,Others,com.sec.android.app.billing=Others
br.gov.ce.sspds.emissaorg,Others,br.gov.ce.sspds.emissaorg=Others
com.facily,Shopping,com.facily=Shopping
ornilo.games.vaijuliette,Casual,ornilo.games.vaijuliette=Casual
best.word.connect.search.free.offline.puzzle.word.games.world,Word,best.word.connect.search.free.offline.puzzle.word.games.world=Word
com.facebook.games,Social,com.facebook.games=Social
com.halfbrick.fruitninjafree,Action,com.halfbrick.fruitninjafree=Action
com.jy.game.drawgames,Puzzle,com.jy.game.drawgames=Puzzle
com.chaozhuo.gameassistant,Tools,com.chaozhuo.gameassistant=Tools
com.iposedon.bricksbreakerballs,Puzzle,com.iposedon.bricksbreakerballs=Puzzle
com.quartaDimensao.abc_completo,Education,com.quartaDimensao.abc_completo=Education
com.xvision.grupoguanabara,Travel & Local,com.xvision.grupoguanabara=Travel & Local
br.com.handtalk,Education,br.com.handtalk=Education
com.android.wallpaper,Others,com.android.wallpaper=Others
com.jaumo,Social,com.jaumo=Social
com.myfitnesspal.android,Health & Fitness,com.myfitnesspal.android=Health & Fitness
com.miui.rom,Others,com.miui.rom=Others
com.sec.android.emergencymode.service,Others,com.sec.android.emergencymode.service=Others
com.gamestar.perfectpiano,Music & Audio,com.gamestar.perfectpiano=Music & Audio
com.bikefacil.treeapp,Lifestyle,com.bikefacil.treeapp=Lifestyle
com.atpc,Music & Audio,com.atpc=Music & Audio
com.talk7,Shopping,com.talk7=Shopping
com.samsung.android.ardrawing,Others,com.samsung.android.ardrawing=Others
com.atistudios.mondly.languages,Education,com.atistudios.mondly.languages=Education
com.imayi.truckdriverfree,Racing,com.imayi.truckdriverfree=Racing
com.lavid.vlibrasdroid,Communication,com.lavid.vlibrasdroid=Communication
br.com.mobilicidade.bicicletar,Lifestyle,br.com.mobilicidade.bicicletar=Lifestyle
com.RApp.Chemistry,Education,com.RApp.Chemistry=Education
events.socio.app1520,Communication,events.socio.app1520=Communication
com.fisicainterativa.app,Education,com.fisicainterativa.app=Education
br.ceptro.simet.client.android,Others,br.ceptro.simet.client.android=Others
com.bonbongame.kids.doodle.drawing.games.coloring.book.car.games,Educational,com.bonbongame.kids.doodle.drawing.games.coloring.book.car.games=Educational
com.armazemparaiba.app,Shopping,com.armazemparaiba.app=Shopping
com.samsung.android.app.cocktailbarservice,Others,com.samsung.android.app.cocktailbarservice=Others
com.documentreader.documentapp.filereader,Productivity,com.documentreader.documentapp.filereader=Productivity
com.ninjagames.hill,Racing,com.ninjagames.hill=Racing
com.huawei.smarthome,Others,com.huawei.smarthome=Others
com.maroieqrwlk.unpin,Puzzle,com.maroieqrwlk.unpin=Puzzle
com.goodgamestudios.bitlife.br.portugues.simulacao.de.vida,Casual,com.goodgamestudios.bitlife.br.portugues.simulacao.de.vida=Casual
com.star.union.planetant,Strategy,com.star.union.planetant=Strategy
com.theappninjas.fakegpsjoystick,Maps & Navigation,com.theappninjas.fakegpsjoystick=Maps & Navigation
org.coursera.android,Education,org.coursera.android=Education
com.example.coroutines,Others,com.example.coroutines=Others
com.sec.android.preloadinstaller,Others,com.sec.android.preloadinstaller=Others
com.peixe30,Social,com.peixe30=Social
com.supercell.clashofclans,Strategy,com.supercell.clashofclans=Strategy
br.com.livelo.app,Travel & Local,br.com.livelo.app=Travel & Local
br.com.fulano.whitelabeltutorial.car,Others,br.com.fulano.whitelabeltutorial.car=Others
br.com.fulano.whitelabeltutorial.car.admin,Others,br.com.fulano.whitelabeltutorial.car.admin=Others
br.com.fulano.whitelabeltutorial.bike.admin,Others,br.com.fulano.whitelabeltutorial.bike.admin=Others
br.com.fulano.whitelabeltutorial.bike,Others,br.com.fulano.whitelabeltutorial.bike=Others
com.jeffersonhenrique.placarmanager,Others,com.jeffersonhenrique.placarmanager=Others
com.orange.coloring.learn.kids,Educational,com.orange.coloring.learn.kids=Educational
com.gamesmdv.garage,Racing,com.gamesmdv.garage=Racing
com.minhaficha.crossfitterminal1,Others,com.minhaficha.crossfitterminal1=Others
br.com.oi.tecnicovirtual,Tools,br.com.oi.tecnicovirtual=Tools
com.cerveceriamodelo.modelonow,Food & Drink,com.cerveceriamodelo.modelonow=Food & Drink
com.ignite.qt,Others,com.ignite.qt=Others
com.weedle.gree_ac_remotes,Tools,com.weedle.gree_ac_remotes=Tools
br.com.rrpg.firecastmobile,Entertainment,br.com.rrpg.firecastmobile=Entertainment
world.playme.mechat,Simulation,world.playme.mechat=Simulation
com.fivebyte.lifeisagame,Simulation,com.fivebyte.lifeisagame=Simulation
com.google.android.apps.mapslite,Travel & Local,com.google.android.apps.mapslite=Travel & Local
com.zeptolab.cats.google,Action,com.zeptolab.cats.google=Action
com.chucklefish.stardewvalley,Simulation,com.chucklefish.stardewvalley=Simulation
com.koushikdutta.vysor,Productivity,com.koushikdutta.vysor=Productivity
com.google.android.inputmethod.pinyin,Others,com.google.android.inputmethod.pinyin=Others
br.com.netcombo.now,Entertainment,br.com.netcombo.now=Entertainment
customstickermaker.whatsappstickers.personalstickersforwhatsapp,Communication,customstickermaker.whatsappstickers.personalstickersforwhatsapp=Communication
com.lyrebirdstudio.sticker_maker,Tools,com.lyrebirdstudio.sticker_maker=Tools
com.handycloset.android.stickers,Photography,com.handycloset.android.stickers=Photography
gov.sefaz.pi.teresa,Communication,gov.sefaz.pi.teresa=Communication
com.snapchat.android,Social,com.snapchat.android=Social
com.obmep,Educational,com.obmep=Educational
com.samsung.android.da.daagent,Others,com.samsung.android.da.daagent=Others
com.samsung.android.aware.service,Others,com.samsung.android.aware.service=Others
com.localiza.mobile,Travel & Local,com.localiza.mobile=Travel & Local
com.ubercab.driver,Business,com.ubercab.driver=Business
com.popularapp.periodcalendar,Health & Fitness,com.popularapp.periodcalendar=Health & Fitness
com.google.android.apps.inputmethod.zhuyin,Others,com.google.android.apps.inputmethod.zhuyin=Others
instagram.video.downloader.story.saver,Social,instagram.video.downloader.story.saver=Social
com.esim.numero,Communication,com.esim.numero=Communication
com.arloopa.arloopa,Entertainment,com.arloopa.arloopa=Entertainment
com.duckduckmoosedesign.trucks2,Simulation,com.duckduckmoosedesign.trucks2=Simulation
com.amayasoft.cars.kids.racing.toddlers.garage.game,Simulation,com.amayasoft.cars.kids.racing.toddlers.garage.game=Simulation
com.lc.sea.shark.world,Arcade,com.lc.sea.shark.world=Arcade
com.samsung.android.app.aodservice,Others,com.samsung.android.app.aodservice=Others
br.com.tim.timprotectbackup,Tools,br.com.tim.timprotectbackup=Tools
com.gamehouse.deliciousdinercooking,Simulation,com.gamehouse.deliciousdinercooking=Simulation
com.bandagames.miner,Action,com.bandagames.miner=Action
br.com.uol.ps.pagvendas.gp,Finance,br.com.uol.ps.pagvendas.gp=Finance
com.firstperformance.casasbahia,Finance,com.firstperformance.casasbahia=Finance
com.movile.playkids.pkxd,Simulation,com.movile.playkids.pkxd=Simulation
com.samsung.android.vtcamerasettings,Others,com.samsung.android.vtcamerasettings=Others
com.roblox.client,Simulation,com.roblox.client=Simulation
com.samsclub.scanandgobr,Shopping,com.samsclub.scanandgobr=Shopping
com.indeed.android.jobsearch,Business,com.indeed.android.jobsearch=Business
car.bridge.drawing.games,Puzzle,car.bridge.drawing.games=Puzzle
com.eaq.measurement,Tools,com.eaq.measurement=Tools
com.imayi.dinorescuefree,Simulation,com.imayi.dinorescuefree=Simulation
com.hutchgames.hilldash2,Casual,com.hutchgames.hilldash2=Casual
com.ubisoft.hungrysharkworld,Action,com.ubisoft.hungrysharkworld=Action
com.ftapps.fotos3x4,Photography,com.ftapps.fotos3x4=Photography
br.com.mobicare.minhaoiempresas,Productivity,br.com.mobicare.minhaoiempresas=Productivity
com.heartfull.forms,Productivity,com.heartfull.forms=Productivity
br.com.bb.oewallet,Finance,br.com.bb.oewallet=Finance
br.gov.dataprev.meucadunico,Tools,br.gov.dataprev.meucadunico=Tools
com.app.futtv33.hd,Others,com.app.futtv33.hd=Others
com.bubble.free.bubblestory,Puzzle,com.bubble.free.bubblestory=Puzzle
com.josmantek.macros,Health & Fitness,com.josmantek.macros=Health & Fitness
com.rod111xd.UniversidadeDigital,Others,com.rod111xd.UniversidadeDigital=Others
pl.lukok.chess,Board,pl.lukok.chess=Board
com.hilokal,Education,com.hilokal=Education
com.motorola.mototour,Tools,com.motorola.mototour=Tools
com.google.android.music,Music & Audio,com.google.android.music=Music & Audio
br.com.bradseg.bscelular,Finance,br.com.bradseg.bscelular=Finance
me.filmeshd.mega,Others,me.filmeshd.mega=Others
com.raizen.acelera,Shopping,com.raizen.acelera=Shopping
com.motorola.genie,Tools,com.motorola.genie=Tools
com.openlms.openlmsmobile,Education,com.openlms.openlmsmobile=Education
com.iqoption,Finance,com.iqoption=Finance
br.unifor.mobile,Education,br.unifor.mobile=Education
com.magic.whatsapp.status.saver.download,Social,com.magic.whatsapp.status.saver.download=Social
com.chess.clock,Puzzle,com.chess.clock=Puzzle
love.journey.episode.luv,Simulation,love.journey.episode.luv=Simulation
com.eagleapps.livechatvideo,Dating,com.eagleapps.livechatvideo=Dating
com.envelopedevelopment.loopz,Music & Audio,com.envelopedevelopment.loopz=Music & Audio
com.bike.jump,Action,com.bike.jump=Action
br.com.mv.personalhealth.unimedteresina,Health & Fitness,br.com.mv.personalhealth.unimedteresina=Health & Fitness
com.grupootorrinos,Medical,com.grupootorrinos=Medical
com.imgur.mobile,Video Players & Editors,com.imgur.mobile=Video Players & Editors
china.vpn_tap2free,Tools,china.vpn_tap2free=Tools
com.example.myappkotlin,Others,com.example.myappkotlin=Others
com.tippingcanoe.pelando,Shopping,com.tippingcanoe.pelando=Shopping
com.netflix.NGP.IntoTheBreach,Strategy,com.netflix.NGP.IntoTheBreach=Strategy
com.curvydating,Dating,com.curvydating=Dating
br.gov.serpro.smartcert.prod,Tools,br.gov.serpro.smartcert.prod=Tools
com.hyperionics.avar,Others,com.hyperionics.avar=Others
br.com.passeidireto,Education,br.com.passeidireto=Education
com.bigqsys.mirracastcarscreen.screenmirroringforcar,Tools,com.bigqsys.mirracastcarscreen.screenmirroringforcar=Tools
com.link.autolink,Auto & Vehicles,com.link.autolink=Auto & Vehicles
com.runtastic.android.results.lite,Health & Fitness,com.runtastic.android.results.lite=Health & Fitness
com.tplink.tether,Tools,com.tplink.tether=Tools
com.btg.pactual.orquestra,Others,com.btg.pactual.orquestra=Others
com.mambet.tv,Others,com.mambet.tv=Others
com.zumstudios.mundobita,Education,com.zumstudios.mundobita=Education
br.jus.tse.resultados,Tools,br.jus.tse.resultados=Tools
br.jus.tse.BoletimNaMao,Tools,br.jus.tse.BoletimNaMao=Tools
br.jus.tse.eleitoral.mesarios,Productivity,br.jus.tse.eleitoral.mesarios=Productivity
com.fast.free.unblock.secure.vpn,Tools,com.fast.free.unblock.secure.vpn=Tools
homeworkout.homeworkouts.noequipment,Health & Fitness,homeworkout.homeworkouts.noequipment=Health & Fitness
com.gold.android.youtube,Others,com.gold.android.youtube=Others
br.com.petrobras.br.ma02,Business,br.com.petrobras.br.ma02=Business
com.meenstudio.vuejsguide,Education,com.meenstudio.vuejsguide=Education
com.cuponomia,Shopping,com.cuponomia=Shopping
com.dxx.firenow,Role Playing,com.dxx.firenow=Role Playing
com.scee.psxandroid,Entertainment,com.scee.psxandroid=Entertainment
com.blizzard.messenger,Entertainment,com.blizzard.messenger=Entertainment
com.riotgames.league.teamfighttactics,Strategy,com.riotgames.league.teamfighttactics=Strategy
com.tozelabs.tvshowtime,Entertainment,com.tozelabs.tvshowtime=Entertainment
com.chess,Board,com.chess=Board
com.xiaomi.simactivate.service,Others,com.xiaomi.simactivate.service=Others
org.readera,Books & Reference,org.readera=Books & Reference
com.xiaomi.gameboosterglobal,Others,com.xiaomi.gameboosterglobal=Others
org.lichess.mobileapp,Board,org.lichess.mobileapp=Board
video.player.videoplayer,Video Players & Editors,video.player.videoplayer=Video Players & Editors
com.supercell.clashroyale,Strategy,com.supercell.clashroyale=Strategy
com.betfair.sportsbook,Others,com.betfair.sportsbook=Others
org.telegram.messenger.web,Others,org.telegram.messenger.web=Others
com.gbwhatsapp,Others,com.gbwhatsapp=Others
com.stremio.one,Entertainment,com.stremio.one=Entertainment
com.riotgames.legendsofruneterra,Card,com.riotgames.legendsofruneterra=Card
br.com.fastshop.ecommerce.beta,Shopping,br.com.fastshop.ecommerce.beta=Shopping
com.example.organizer,Others,com.example.organizer=Others
com.meseems,Lifestyle,com.meseems=Lifestyle
paolo4c.mb5.watchfaces,Tools,paolo4c.mb5.watchfaces=Tools
com.daerisoft.thespikerm,Sports,com.daerisoft.thespikerm=Sports
music.musicplayer,Music & Audio,music.musicplayer=Music & Audio
com.amazfitwatchfaces.st,Tools,com.amazfitwatchfaces.st=Tools
com.ggstudios.lolcatalyst,Entertainment,com.ggstudios.lolcatalyst=Entertainment
design.vek.color_gear.lite,Art & Design,design.vek.color_gear.lite=Art & Design
com.ontim.camera2,Others,com.ontim.camera2=Others
com.activision.callofduty.shooter,Action,com.activision.callofduty.shooter=Action
com.ea.game.pvz2_row,Strategy,com.ea.game.pvz2_row=Strategy
com.actiondash.playstore,Productivity,com.actiondash.playstore=Productivity
free.programming.programming,Education,free.programming.programming=Education
tv.twitchmod.android.app,Others,tv.twitchmod.android.app=Others
com.riotgames.league.wildrift,Strategy,com.riotgames.league.wildrift=Strategy
com.estrongs.android.pop.pro,Others,com.estrongs.android.pop.pro=Others
com.betteranimev3,Others,com.betteranimev3=Others
com.github.android,Productivity,com.github.android=Productivity
io.github.x_wei.flutter_catalog,Libraries & Demo,io.github.x_wei.flutter_catalog=Libraries & Demo
br.gov.serpro.lince,Tools,br.gov.serpro.lince=Tools
com.sega.sprint,Action,com.sega.sprint=Action
com.raafiya.universalacremotecontrol,Tools,com.raafiya.universalacremotecontrol=Tools
com.eset.ems2.gp,Tools,com.eset.ems2.gp=Tools
org.mozilla.focus,Communication,org.mozilla.focus=Communication
org.mozilla.fenix,Productivity,org.mozilla.fenix=Productivity
org.mozilla.firefox,Communication,org.mozilla.firefox=Communication
com.opera.max.oem,Others,com.opera.max.oem=Others
com.tacom.siumobilethe,Maps & Navigation,com.tacom.siumobilethe=Maps & Navigation
com.kiloo.subwaysurf,Action,com.kiloo.subwaysurf=Action
com.riotgames.mobile.leagueconnect,Strategy,com.riotgames.mobile.leagueconnect=Strategy
br.com.paodeacucarmais,Shopping,br.com.paodeacucarmais=Shopping
com.cjin.pokegenie.standard,Tools,com.cjin.pokegenie.standard=Tools
com.arrowsapp.nightscreen,Tools,com.arrowsapp.nightscreen=Tools
br.com.digio,Finance,br.com.digio=Finance
com.crazylabs.amaze.game,Casual,com.crazylabs.amaze.game=Casual
com.flyersoft.moonreader,Books & Reference,com.flyersoft.moonreader=Books & Reference
br.kms.plantaofacil,Tools,br.kms.plantaofacil=Tools
com.cartaoluiza.app,Finance,com.cartaoluiza.app=Finance
com.combux.combux,Auto & Vehicles,com.combux.combux=Auto & Vehicles
br.estacio.estaciomobile,Education,br.estacio.estaciomobile=Education
com.samsung.android.motionphoto.viewer,Others,com.samsung.android.motionphoto.viewer=Others
jp.konami.pesam,Sports,jp.konami.pesam=Sports
br.com.voeazul,Travel & Local,br.com.voeazul=Travel & Local
com.miband5.face.watches.download.face.changer.miband.watch,Tools,com.miband5.face.watches.download.face.changer.miband.watch=Tools
com.womboai.wombodream,Art & Design,com.womboai.wombodream=Art & Design
com.miniclip.eightballpool,Sports,com.miniclip.eightballpool=Sports
com.mediatek.gnss.nonframeworklbs,Others,com.mediatek.gnss.nonframeworklbs=Others
org.xbet.client1,Others,org.xbet.client1=Others
net.myanimelist.app,Entertainment,net.myanimelist.app=Entertainment
com.lazygeniouz.saveit,Social,com.lazygeniouz.saveit=Social
com.linkedin.android.learning,Education,com.linkedin.android.learning=Education
com.google.android.GoogleCamera,Photography,com.google.android.GoogleCamera=Photography
com.rodrigmatrix.sigaaufc,Education,com.rodrigmatrix.sigaaufc=Education
bitpit.launcher,Personalization,bitpit.launcher=Personalization
habibs.alphacode.com.br,Food & Drink,habibs.alphacode.com.br=Food & Drink
com.google.android.apps.nexuslauncher,Tools,com.google.android.apps.nexuslauncher=Tools
io.open.vinxav.ruufc,Tools,io.open.vinxav.ruufc=Tools
app.revanced.android.youtube,Others,app.revanced.android.youtube=Others
com.n2bbrasil.smartnutri,Health & Fitness,com.n2bbrasil.smartnutri=Health & Fitness
br.com.m2m.meuonibus,Maps & Navigation,br.com.m2m.meuonibus=Maps & Navigation
com.realtimeboard,Productivity,com.realtimeboard=Productivity
dev.rokitskiy.miband5_watchface,Tools,dev.rokitskiy.miband5_watchface=Tools
com.yandex.toloka.androidapp,Business,com.yandex.toloka.androidapp=Business
br.com.ladydriver.passenger,Maps & Navigation,br.com.ladydriver.passenger=Maps & Navigation
org.iggymedia.periodtracker,Health & Fitness,org.iggymedia.periodtracker=Health & Fitness
cn.fitdays.fitdays,Health & Fitness,cn.fitdays.fitdays=Health & Fitness
br.com.pontomais.v2,Productivity,br.com.pontomais.v2=Productivity
com.android.MGC,Others,com.android.MGC=Others
com.mr4k.iptvprosmarter,Others,com.mr4k.iptvprosmarter=Others
br.sportsmatch.flamengo,Sports,br.sportsmatch.flamengo=Sports
com.eokoe.smartfitcoach,Health & Fitness,com.eokoe.smartfitcoach=Health & Fitness
com.android.launcher3,Others,com.android.launcher3=Others
br.com.alura.mobi,Education,br.com.alura.mobi=Education
br.com.hapvida.hapvida,Communication,br.com.hapvida.hapvida=Communication
com.ea.gp.fifamobile,Sports,com.ea.gp.fifamobile=Sports
br.com.belezanaweb.android,Shopping,br.com.belezanaweb.android=Shopping
com.tyll.getin,Food & Drink,com.tyll.getin=Food & Drink
com.lucidchart.android.chart,Productivity,com.lucidchart.android.chart=Productivity
photoeditor.layout.collagemaker,Photography,photoeditor.layout.collagemaker=Photography
com.wuochoang.lolegacy,Entertainment,com.wuochoang.lolegacy=Entertainment
com.wacom.bamboopapertab,Productivity,com.wacom.bamboopapertab=Productivity
com.ebay.mobile,Shopping,com.ebay.mobile=Shopping
com.rsupport.rs.activity.rsupport.aas2,Tools,com.rsupport.rs.activity.rsupport.aas2=Tools
com.samsung.ssu,Others,com.samsung.ssu=Others
com.samsung.android.uds,Tools,com.samsung.android.uds=Tools
com.bestweatherfor.bibleoffline_pt_ra,Books & Reference,com.bestweatherfor.bibleoffline_pt_ra=Books & Reference
com.grindrapp.android,Social,com.grindrapp.android=Social
com.myworkoutplan.myworkoutplan,Health & Fitness,com.myworkoutplan.myworkoutplan=Health & Fitness
com.comikin.reader2,Others,com.comikin.reader2=Others
br.com.futebolinterior.PlacarFI,Others,br.com.futebolinterior.PlacarFI=Others
com.ChillyRoom.DungeonShooter,Role Playing,com.ChillyRoom.DungeonShooter=Role Playing
com.studiowildcard.wardrumstudios.ark,Action,com.studiowildcard.wardrumstudios.ark=Action
com.ss.android.ugc.now,Social,com.ss.android.ugc.now=Social
com.rahul.videoderbeta,Others,com.rahul.videoderbeta=Others
com.instantbits.cast.webvideo,Video Players & Editors,com.instantbits.cast.webvideo=Video Players & Editors
com.anmr0x,Others,com.anmr0x=Others
com.lightricks.videoleap,Video Players & Editors,com.lightricks.videoleap=Video Players & Editors
com.niksoftware.snapseed,Photography,com.niksoftware.snapseed=Photography
com.ilixa.glitch,Photography,com.ilixa.glitch=Photography
com.miHoYo.GenshinImpact,Role Playing,com.miHoYo.GenshinImpact=Role Playing
music.mp3.downloader.tube.play.download.musica.sounds,Others,music.mp3.downloader.tube.play.download.musica.sounds=Others
br.com.segurosunimed.reembolsodigital,Health & Fitness,br.com.segurosunimed.reembolsodigital=Health & Fitness
br.com.sulamerica.odonto,Medical,br.com.sulamerica.odonto=Medical
com.shaiban.audioplayer.mplayer,Music & Audio,com.shaiban.audioplayer.mplayer=Music & Audio
org.codeaurora.snapcam,Others,org.codeaurora.snapcam=Others
com.esound,Music & Audio,com.esound=Music & Audio
play.tube.video.playtube.videotube.musictube,Others,play.tube.video.playtube.videotube.musictube=Others
canh.com.musistream,Music & Audio,canh.com.musistream=Music & Audio
org.mupen64plusae.v3.fzurita,Arcade,org.mupen64plusae.v3.fzurita=Arcade
com.x8bit.bitwarden,Productivity,com.x8bit.bitwarden=Productivity
br.com.bancobmg.bancodigital,Finance,br.com.bancobmg.bancodigital=Finance
com.zombodroid.MemeGenerator,Entertainment,com.zombodroid.MemeGenerator=Entertainment
com.amazon.kindle,Books & Reference,com.amazon.kindle=Books & Reference
com.vivaintra.app,Communication,com.vivaintra.app=Communication
com.camscanner.documentscanner.pdfscanner.textscanner.photos.scanner,Tools,com.camscanner.documentscanner.pdfscanner.textscanner.photos.scanner=Tools
com.miui.screenshot,Others,com.miui.screenshot=Others
com.naver.linewebtoon,Comics,com.naver.linewebtoon=Comics
com.cloudflare.onedotonedotonedotone,Tools,com.cloudflare.onedotonedotonedotone=Tools
com.hsv.freeadblockerbrowser,Communication,com.hsv.freeadblockerbrowser=Communication
gratis.futemax,Others,gratis.futemax=Others
com.medium.reader,News & Magazines,com.medium.reader=News & Magazines
com.musical.instrumentt,Others,com.musical.instrumentt=Others
br.com.brb.digitalflamengo,Finance,br.com.brb.digitalflamengo=Finance
com.credicard.app,Finance,com.credicard.app=Finance
com.digibites.accubattery,Tools,com.digibites.accubattery=Tools
org.dolphinemu.dolphinemu,Arcade,org.dolphinemu.dolphinemu=Arcade
princ.lifestyle.DDay,Lifestyle,princ.lifestyle.DDay=Lifestyle
mercadapp.fgl.com.superlagoa,Shopping,mercadapp.fgl.com.superlagoa=Shopping
com.gigigo.ipirangaconectcar,Auto & Vehicles,com.gigigo.ipirangaconectcar=Auto & Vehicles
br.com.seeflex.parksat,Productivity,br.com.seeflex.parksat=Productivity
com.samsung.android.biometrics.app.setting,Others,com.samsung.android.biometrics.app.setting=Others
com.mojang.minecraftpe,Simulation,com.mojang.minecraftpe=Simulation
com.android.emergency,Others,com.android.emergency=Others
com.asus.dm,Others,com.asus.dm=Others
jp.konami.duellinks,Card,jp.konami.duellinks=Card
br.coop.unimed.cliente,Health & Fitness,br.coop.unimed.cliente=Health & Fitness
eu.kanade.tachiyomi,Others,eu.kanade.tachiyomi=Others
com.betano.sportsbook,Others,com.betano.sportsbook=Others
com.tencent.ig,Action,com.tencent.ig=Action
com.runar.issdetector,Education,com.runar.issdetector=Education
org.ppsspp.ppssppgold,Casual,org.ppsspp.ppssppgold=Casual
com.zenklub.android,Health & Fitness,com.zenklub.android=Health & Fitness
mercadapp.fgl.com.pinheiro,Shopping,mercadapp.fgl.com.pinheiro=Shopping
com.google.android.apps.plus,Social,com.google.android.apps.plus=Social
com.samsung.shop,Shopping,com.samsung.shop=Shopping
com.cristeolapps.estudos.biblicos.para.jovens,Books & Reference,com.cristeolapps.estudos.biblicos.para.jovens=Books & Reference
com.premium.facil,Business,com.premium.facil=Business
agendaassessoria.meurpps,Tools,agendaassessoria.meurpps=Tools
br.com.mobits.mobitsplaza.ancar.northshoppingfortaleza,Lifestyle,br.com.mobits.mobitsplaza.ancar.northshoppingfortaleza=Lifestyle
com.l,Shopping,com.l=Shopping
com.sensedevil.VTT,Sports,com.sensedevil.VTT=Sports
com.dnddream.headsoccer.android,Sports,com.dnddream.headsoccer.android=Sports
com.vitotechnology.StarWalk2Free,Education,com.vitotechnology.StarWalk2Free=Education
com.noctuasoftware.stellarium_free,Education,com.noctuasoftware.stellarium_free=Education
com.google.android.apps.safetyhub,Tools,com.google.android.apps.safetyhub=Tools
totalcross.appmmob,Tools,totalcross.appmmob=Tools
app.follow.unfollow,Social,app.follow.unfollow=Social
br.com.paguemenos.anjodaguarda,Health & Fitness,br.com.paguemenos.anjodaguarda=Health & Fitness
com.hubsoft_client_app.g3telecom,Business,com.hubsoft_client_app.g3telecom=Business
com.eyefilter.nightmode.bluelightfilter,Health & Fitness,com.eyefilter.nightmode.bluelightfilter=Health & Fitness
mega.privacy.android.app,Productivity,mega.privacy.android.app=Productivity
com.intuitiveappz.uniodonto,Medical,com.intuitiveappz.uniodonto=Medical
com.samsung.android.fmm,Others,com.samsung.android.fmm=Others
com.teejay.trebedit,Tools,com.teejay.trebedit=Tools
br.com.bradseg.segurobradescosaude,Health & Fitness,br.com.bradseg.segurobradescosaude=Health & Fitness
com.dev47apps.droidcam,Tools,com.dev47apps.droidcam=Tools
com.graphogame.gg_brazil_free,Educational,com.graphogame.gg_brazil_free=Educational
com.livescreenapp.free,Tools,com.livescreenapp.free=Tools
com.screenmirroring.videoandtvcast.smartcast,Video Players & Editors,com.screenmirroring.videoandtvcast.smartcast=Video Players & Editors
com.nvsgames.snap,Card,com.nvsgames.snap=Card
com.poncle.vampiresurvivors,Role Playing,com.poncle.vampiresurvivors=Role Playing
com.patreon.android,Entertainment,com.patreon.android=Entertainment
com.zoox.deadpixelfix,Tools,com.zoox.deadpixelfix=Tools
com.antoinehabert.actionverite,Entertainment,com.antoinehabert.actionverite=Entertainment
com.nitin.volumnbutton,Music & Audio,com.nitin.volumnbutton=Music & Audio
com.ridewith,Others,com.ridewith=Others
hu.tagsoft.ttorrent.lite,Video Players & Editors,hu.tagsoft.ttorrent.lite=Video Players & Editors
com.udemy.android,Education,com.udemy.android=Education
ru.playsoftware.j2meloader,Entertainment,ru.playsoftware.j2meloader=Entertainment
com.arumcomm.cropimage,Photography,com.arumcomm.cropimage=Photography
com.grammarly.android.keyboard,Productivity,com.grammarly.android.keyboard=Productivity
netroken.android.persistfree,Music & Audio,netroken.android.persistfree=Music & Audio
com.spaceapegames.beatstar,Music,com.spaceapegames.beatstar=Music
com.gartic.Gartic,Trivia,com.gartic.Gartic=Trivia
com.lein.pppoker.android,Casino,com.lein.pppoker.android=Casino
com.byte3d.poker,Casino,com.byte3d.poker=Casino
br.com.jeitto.meujeitto,Others,br.com.jeitto.meujeitto=Others
com.aymore.sim,Others,com.aymore.sim=Others
br.com.libercard.libercard,Finance,br.com.libercard.libercard=Finance
com.lgeha.nuts,Lifestyle,com.lgeha.nuts=Lifestyle
com.clue.android,Health & Fitness,com.clue.android=Health & Fitness
com.sleekbit.ovuview,Health & Fitness,com.sleekbit.ovuview=Health & Fitness
br.com.gds.saudedigital,Health & Fitness,br.com.gds.saudedigital=Health & Fitness
com.gaudium.skoob,Books & Reference,com.gaudium.skoob=Books & Reference
com.android.shell,Others,com.android.shell=Others
br.com.zuldigital.ftz,Auto & Vehicles,br.com.zuldigital.ftz=Auto & Vehicles
br.com.petlove.petlove,Shopping,br.com.petlove.petlove=Shopping
com.malmath.apps.mm,Education,com.malmath.apps.mm=Education
org.chromium.webapk.a60eb03096fa3e370_v2,Others,org.chromium.webapk.a60eb03096fa3e370_v2=Others
com.google.android.markup,Others,com.google.android.markup=Others
com.galaxy.whatscrop,Others,com.galaxy.whatscrop=Others
jp.konami.masterduel,Card,jp.konami.masterduel=Card
com.fifa.fifaapp.android,Sports,com.fifa.fifaapp.android=Sports
com.ultimatewarrior.ghostsparta,Others,com.ultimatewarrior.ghostsparta=Others
com.battle.gos,Role Playing,com.battle.gos=Role Playing
com.wizards.mtga,Card,com.wizards.mtga=Card
tw.mobileapp.qrcode.banner,Tools,tw.mobileapp.qrcode.banner=Tools
br.com.vertitecnologia.vmmarket,Shopping,br.com.vertitecnologia.vmmarket=Shopping
com.nvidia.geforcenow,Entertainment,com.nvidia.geforcenow=Entertainment
org.chromium.webapk.a770a4378fa8cc4c2_v2,Others,org.chromium.webapk.a770a4378fa8cc4c2_v2=Others
qrcodescanner.barcodescanner.qrscanner.qrcodereader,Tools,qrcodescanner.barcodescanner.qrscanner.qrcodereader=Tools
com.stove.epic7.google,Role Playing,com.stove.epic7.google=Role Playing
ph.spacedesk.beta,Productivity,ph.spacedesk.beta=Productivity
com.explusalpha.Snes9xPlus,Casual,com.explusalpha.Snes9xPlus=Casual
com.goyabucorp,Entertainment,com.goyabucorp=Entertainment
notizen.basic.notes.notas.note.notepad,Productivity,notizen.basic.notes.notas.note.notepad=Productivity
com.spartaghost.godofwar,Action,com.spartaghost.godofwar=Action
com.square_enix.android_googleplay.ffxivcomapp_n,Tools,com.square_enix.android_googleplay.ffxivcomapp_n=Tools
com.tibith.badboxing,Action,com.tibith.badboxing=Action
com.nst.smartersplayer,Others,com.nst.smartersplayer=Others
com.devsense.symbolab,Education,com.devsense.symbolab=Education
com.blizzard.wtcg.hearthstone,Card,com.blizzard.wtcg.hearthstone=Card
com.ontim.fmradio,Others,com.ontim.fmradio=Others
com.vtool.screenrecorder.screenrecording.videoeditor,Video Players & Editors,com.vtool.screenrecorder.screenrecording.videoeditor=Video Players & Editors
com.jrtstudio.AnotherMusicPlayer,Music & Audio,com.jrtstudio.AnotherMusicPlayer=Music & Audio
com.dopuz.klotski.riddle,Puzzle,com.dopuz.klotski.riddle=Puzzle
com.media.music.mp3.musicplayer,Music & Audio,com.media.music.mp3.musicplayer=Music & Audio
com.milkshakemixpiracuruca.apk,Food & Drink,com.milkshakemixpiracuruca.apk=Food & Drink
ee.dustland.android.dustlandsudoku,Puzzle,ee.dustland.android.dustlandsudoku=Puzzle
br.com.cheers.cheers_app,Shopping,br.com.cheers.cheers_app=Shopping
me.willian.placar,Productivity,me.willian.placar=Productivity
com.wabiz.delivery.alow,Food & Drink,com.wabiz.delivery.alow=Food & Drink
com.samsung.accessory.popcornmgr,Tools,com.samsung.accessory.popcornmgr=Tools
com.drycactus.polybridge,Puzzle,com.drycactus.polybridge=Puzzle
co.yakand.agentaapuzzleindisguise,Adventure,co.yakand.agentaapuzzleindisguise=Adventure
com.spotwish.cogni,Medical,com.spotwish.cogni=Medical
com.crescevendas.centerboxce,Entertainment,com.crescevendas.centerboxce=Entertainment
com.dlink.QRSmobile,Productivity,com.dlink.QRSmobile=Productivity
com.panu,Puzzle,com.panu=Puzzle
org.faudroids.werewolf.pro,Board,org.faudroids.werewolf.pro=Board
kr.sira.unit,Tools,kr.sira.unit=Tools
com.multiplix.clubedovoleithe,Sports,com.multiplix.clubedovoleithe=Sports
com.ycc365plus.aws,Tools,com.ycc365plus.aws=Tools
com.puzzle1studio.go.brickoutshoottheball,Puzzle,com.puzzle1studio.go.brickoutshoottheball=Puzzle
co.vulcanlabs.castandroid,Tools,co.vulcanlabs.castandroid=Tools
com.Flanne.MinutesTillDawn.roguelike.shooting.fr.gp,Role Playing,com.Flanne.MinutesTillDawn.roguelike.shooting.fr.gp=Role Playing
eu.toralarm.toralarm_wm,Sports,eu.toralarm.toralarm_wm=Sports
br.com.clubpetro.v2,Auto & Vehicles,br.com.clubpetro.v2=Auto & Vehicles
br.com.midway,Others,br.com.midway=Others
com.random.chat.app,Dating,com.random.chat.app=Dating
rcr.missale.romanum,Books & Reference,rcr.missale.romanum=Books & Reference
br.com.neon,Finance,br.com.neon=Finance
com.ufpimobile,Education,com.ufpimobile=Education
com.bereal.ft,Social,com.bereal.ft=Social
com.glykka.easysign,Business,com.glykka.easysign=Business
com.id.concursos,Education,com.id.concursos=Education
br.com.petz,Shopping,br.com.petz=Shopping
com.noteidentification.pitchdetection,Music & Audio,com.noteidentification.pitchdetection=Music & Audio
com.ea.game.nfs14_row,Racing,com.ea.game.nfs14_row=Racing
com.tadaoyamaoka.vocalpitchmonitor,Music & Audio,com.tadaoyamaoka.vocalpitchmonitor=Music & Audio
com.bi.bicupid,Dating,com.bi.bicupid=Dating
com.betafish.adblocksbrowser,Productivity,com.betafish.adblocksbrowser=Productivity
br.ufc.heartcalendar,Others,br.ufc.heartcalendar=Others
io.makeroid.companion,Tools,io.makeroid.companion=Tools
org.geogebra.android,Education,org.geogebra.android=Education
com.copafacil,Sports,com.copafacil=Sports
com.devplank.rastreiocorreios,Shopping,com.devplank.rastreiocorreios=Shopping
com.onyo,Food & Drink,com.onyo=Food & Drink
com.phuongpn.whousemywifi.networkscanner,Tools,com.phuongpn.whousemywifi.networkscanner=Tools
instasaver.instagram.video.downloader.photo,Video Players & Editors,instasaver.instagram.video.downloader.photo=Video Players & Editors
com.tacom.siumobilebh,Maps & Navigation,com.tacom.siumobilebh=Maps & Navigation
org.chromium.webapk.af4566dcf2c577ca3_v2,Others,org.chromium.webapk.af4566dcf2c577ca3_v2=Others
ringtone.maker.mp3.cutter.audio,Music & Audio,ringtone.maker.mp3.cutter.audio=Music & Audio
org.betwinner.client,Others,org.betwinner.client=Others
com.dubox.drive,Tools,com.dubox.drive=Tools
com.ea.game.simpsons4_row,Simulation,com.ea.game.simpsons4_row=Simulation
br.com.nineninefreelas,Business,br.com.nineninefreelas=Business
eu.smartpatient.mytherapy,Medical,eu.smartpatient.mytherapy=Medical
com.tippingcanoe.mydealz,Shopping,com.tippingcanoe.mydealz=Shopping
com.sec.hearingadjust,Others,com.sec.hearingadjust=Others
fm.last.android,Music & Audio,fm.last.android=Music & Audio
org.ppsspp.ppsspp,Action,org.ppsspp.ppsspp=Action
com.bravestars.cat.rescue.draw.to.save,Casual,com.bravestars.cat.rescue.draw.to.save=Casual
ws.hanzo.Vrrh,Finance,ws.hanzo.Vrrh=Finance
br.com.gerencioservicos.pontoapp,Business,br.com.gerencioservicos.pontoapp=Business
com.kultiviapp,Others,com.kultiviapp=Others
br.com.rico.mobile,Finance,br.com.rico.mobile=Finance
com.android.musicfx,Others,com.android.musicfx=Others
com.a123milhas.app,Travel & Local,com.a123milhas.app=Travel & Local
com.ciadapizza.ccmpedidoonline,Food & Drink,com.ciadapizza.ccmpedidoonline=Food & Drink
com.google.android.as,Others,com.google.android.as=Others
com.Gcenter.WindWings.SpaceShooter.Premium,Action,com.Gcenter.WindWings.SpaceShooter.Premium=Action
com.novel.novelah,Books & Reference,com.novel.novelah=Books & Reference
br.com.lebiscuit,Shopping,br.com.lebiscuit=Shopping
com.algorix.lecard,Tools,com.algorix.lecard=Tools
com.akvelon.bitbuckler,Productivity,com.akvelon.bitbuckler=Productivity
com.OpenWorldGames.DriveClubMultiPlayer,Simulation,com.OpenWorldGames.DriveClubMultiPlayer=Simulation
com.foosegames.brasiltuning2,Simulation,com.foosegames.brasiltuning2=Simulation
com.savethedog.drawtosave.savethedogfrombee,Puzzle,com.savethedog.drawtosave.savethedogfrombee=Puzzle
br.com.m2m.meuonibus.vitoria,Maps & Navigation,br.com.m2m.meuonibus.vitoria=Maps & Navigation
dreamphotolab.instamag.photo.collage.maker.grid,Photography,dreamphotolab.instamag.photo.collage.maker.grid=Photography
com.zombodroid.videogifmemefreegplay,Video Players & Editors,com.zombodroid.videogifmemefreegplay=Video Players & Editors
com.moymer.falou,Education,com.moymer.falou=Education
com.rhmsoft.code,Productivity,com.rhmsoft.code=Productivity
com.samsung.android.app.appsedge,Others,com.samsung.android.app.appsedge=Others
jp.pokemon.pokemonunite,Strategy,jp.pokemon.pokemonunite=Strategy
ru.zdevs.zarchiver,Tools,ru.zdevs.zarchiver=Tools
ws.ebs.stjosemaria,Books & Reference,ws.ebs.stjosemaria=Books & Reference
com.quickturtle.EmployeeSurvival_en,Simulation,com.quickturtle.EmployeeSurvival_en=Simulation
jp.oridio.museum,Simulation,jp.oridio.museum=Simulation
com.fluffyfairygames.idleminertycoon,Simulation,com.fluffyfairygames.idleminertycoon=Simulation
com.urbanic.multis,Shopping,com.urbanic.multis=Shopping
com.magnetismobileapp,Finance,com.magnetismobileapp=Finance
com.startapp.appbarber,Beauty,com.startapp.appbarber=Beauty
com.lensa.app,Photography,com.lensa.app=Photography
com.clickbus.mobile,Travel & Local,com.clickbus.mobile=Travel & Local
com.ufms_cppp.poscomp,Others,com.ufms_cppp.poscomp=Others
br.com.intelbras.smart,Tools,br.com.intelbras.smart=Tools
com.figma.mirror,Art & Design,com.figma.mirror=Art & Design
com.dsemu.drastic,Action,com.dsemu.drastic=Action
com.studiosol.palcomp3,Music & Audio,com.studiosol.palcomp3=Music & Audio
com.soundcloud.android,Music & Audio,com.soundcloud.android=Music & Audio
com.DreamonStudios.BouncyBasketball,Sports,com.DreamonStudios.BouncyBasketball=Sports
com.opera.max.global,Tools,com.opera.max.global=Tools
com.simplescan.scanner,Business,com.simplescan.scanner=Business
br.com.buscape.MainPack,Shopping,br.com.buscape.MainPack=Shopping
br.com.dominos.mobile,Food & Drink,br.com.dominos.mobile=Food & Drink
com.divinememorygames.ishihara.color.blindness.test,Medical,com.divinememorygames.ishihara.color.blindness.test=Medical
com.viki.android,Entertainment,com.viki.android=Entertainment
br.com.bradesco.netempresa,Finance,br.com.bradesco.netempresa=Finance
com.rovio.BadPiggiesHD,Puzzle,com.rovio.BadPiggiesHD=Puzzle
com.ftw_and_co.happn,Lifestyle,com.ftw_and_co.happn=Lifestyle
tv.orange,Others,tv.orange=Others
com.app.pornhub,Others,com.app.pornhub=Others
com.instander.android,Others,com.instander.android=Others
br.com.brisanet.minhabrisa,Tools,br.com.brisanet.minhabrisa=Tools
com.google.android.apps.photosgo,Photography,com.google.android.apps.photosgo=Photography
com.openmygame.magicwordsearch,Word,com.openmygame.magicwordsearch=Word
com.litatom.app,Social,com.litatom.app=Social
com.fanatee.cody,Word,com.fanatee.cody=Word
com.nekki.vector.paid,Action,com.nekki.vector.paid=Action
com.submarineapps.mill,Trivia,com.submarineapps.mill=Trivia
com.haugland.woa,Simulation,com.haugland.woa=Simulation
com.playstation.remoteplay,Entertainment,com.playstation.remoteplay=Entertainment
com.ukuleletuner,Music & Audio,com.ukuleletuner=Music & Audio
com.letterboxd.letterboxd,Social,com.letterboxd.letterboxd=Social
me.pokeraid,Social,me.pokeraid=Social
org.torproject.torbrowser,Communication,org.torproject.torbrowser=Communication
com.skuld.calendario,Productivity,com.skuld.calendario=Productivity
com.shanga.walli,Personalization,com.shanga.walli=Personalization
com.kirito.app.wallpaper.anime,Personalization,com.kirito.app.wallpaper.anime=Personalization
com.simejikeyboard,Personalization,com.simejikeyboard=Personalization
biz.obake.team.touchprotector,Personalization,biz.obake.team.touchprotector=Personalization
com.boomdrag.devtycoon2,Simulation,com.boomdrag.devtycoon2=Simulation
br.com.passagensimperdiveis,Travel & Local,br.com.passagensimperdiveis=Travel & Local
com.tapblaze.pizzabusiness,Simulation,com.tapblaze.pizzabusiness=Simulation
com.miui.audioeffect,Others,com.miui.audioeffect=Others
com.edkongames.ww2,Action,com.edkongames.ww2=Action
com.redome.app,Medical,com.redome.app=Medical
br.gov.datasus.hemovida,Medical,br.gov.datasus.hemovida=Medical
homeworkout.homeworkouts.workoutathome.musclebuilding,Health & Fitness,homeworkout.homeworkouts.workoutathome.musclebuilding=Health & Fitness
com.freeletics.lite,Health & Fitness,com.freeletics.lite=Health & Fitness
com.fgcos.palavras_cruzadas_diretas,Word,com.fgcos.palavras_cruzadas_diretas=Word
com.burockgames.timeclocker,Productivity,com.burockgames.timeclocker=Productivity
com.ntrack.tuner,Music & Audio,com.ntrack.tuner=Music & Audio
com.motorola.help,Tools,com.motorola.help=Tools
com.mirogal.v3dice,Role Playing,com.mirogal.v3dice=Role Playing
co.stone.banking.mobile.flagship,Finance,co.stone.banking.mobile.flagship=Finance
com.motorola.motodisplay,Tools,com.motorola.motodisplay=Tools
com.oncar.talkgpt,Others,com.oncar.talkgpt=Others
com.digitalextremes.warframenexus,Action,com.digitalextremes.warframenexus=Action
com.samsung.android.ipsgeofence,Others,com.samsung.android.ipsgeofence=Others
com.geru.app,Others,com.geru.app=Others
br.com.crefisa.crefisa,Others,br.com.crefisa.crefisa=Others
de.lilac.vampire_v5_character_creator,Tools,de.lilac.vampire_v5_character_creator=Tools
com.saudeliv,Medical,com.saudeliv=Medical
br.edu.ifma.mobile,Education,br.edu.ifma.mobile=Education
br.com.tecnofit.mobileapp,Health & Fitness,br.com.tecnofit.mobileapp=Health & Fitness
com.locus.scientificcalculator,Productivity,com.locus.scientificcalculator=Productivity
com.monotype.whatthefont,Productivity,com.monotype.whatthefont=Productivity
com.ludo.king,Board,com.ludo.king=Board
com.google.android.apps.tips,Others,com.google.android.apps.tips=Others
com.kmsoft.access_db_viewer,Finance,com.kmsoft.access_db_viewer=Finance
